-- --------------------------------------------------------
-- Host:                         127.0.0.1
-- Server version:               8.0.24 - MySQL Community Server - GPL
-- Server OS:                    Win64
-- HeidiSQL Version:             12.6.0.6765
-- --------------------------------------------------------

/*!40101 SET @OLD_CHARACTER_SET_CLIENT=@@CHARACTER_SET_CLIENT */;
/*!40101 SET NAMES utf8 */;
/*!50503 SET NAMES utf8mb4 */;
/*!40103 SET @OLD_TIME_ZONE=@@TIME_ZONE */;
/*!40103 SET TIME_ZONE='+00:00' */;
/*!40014 SET @OLD_FOREIGN_KEY_CHECKS=@@FOREIGN_KEY_CHECKS, FOREIGN_KEY_CHECKS=0 */;
/*!40101 SET @OLD_SQL_MODE=@@SQL_MODE, SQL_MODE='NO_AUTO_VALUE_ON_ZERO' */;
/*!40111 SET @OLD_SQL_NOTES=@@SQL_NOTES, SQL_NOTES=0 */;

-- Dumping structure for table eschool.address
CREATE TABLE IF NOT EXISTS `address` (
  `adid` int NOT NULL AUTO_INCREMENT,
  `address_line` varchar(80) NOT NULL,
  `user_uid` int NOT NULL,
  `city_cid` int NOT NULL,
  PRIMARY KEY (`adid`),
  KEY `fk_address_user1_idx` (`user_uid`),
  KEY `fk_address_city1_idx` (`city_cid`),
  CONSTRAINT `fk_address_city1` FOREIGN KEY (`city_cid`) REFERENCES `city` (`cid`),
  CONSTRAINT `fk_address_user1` FOREIGN KEY (`user_uid`) REFERENCES `user` (`uid`)
) ENGINE=InnoDB AUTO_INCREMENT=24 DEFAULT CHARSET=utf8mb3;

-- Dumping data for table eschool.address: ~21 rows (approximately)
INSERT INTO `address` (`adid`, `address_line`, `user_uid`, `city_cid`) VALUES
	(1, '217/c, Temple road', 16, 1500),
	(2, '217/c, Temple road', 17, 496),
	(3, '23/m, uduwatha road', 12, 1595),
	(5, '33/B,katugasthota ', 9, 1592),
	(6, '79/q, nugahena road', 15, 182),
	(8, '43/3, ovita rd', 20, 7),
	(9, 'no 23/v, meddeniya road', 13, 658),
	(10, 'No 33/b, samagi mawahta', 21, 758),
	(11, '80/N, kiridiwita road ', 22, 1372),
	(12, '53/p, katugasthota', 23, 1436),
	(13, 'no 34/irimalgoda road', 24, 331),
	(14, 'No 23/2,Udugampola Road', 10, 907),
	(15, 'No 23/3, Leak Road', 11, 293),
	(16, 'No 232/C, Maduwa road', 14, 762),
	(17, 'No 32/B, Samagi Road', 26, 1373),
	(18, '103/10, Dutugemunu Street', 27, 760),
	(19, ' 35 Union Place, 02', 28, 328),
	(20, '115, KIRULAPONA AVENUE', 29, 1047),
	(21, '55 6A Keyzer Street, 11', 30, 1599),
	(22, ' No. 187 H, Dimbula Road', 31, 1683),
	(23, ' 57 Main Street, 11', 32, 599);

-- Dumping structure for view eschool.admins
-- Creating temporary table to overcome VIEW dependency errors
CREATE TABLE `admins` (
	`uid` INT(10) NOT NULL,
	`username` VARCHAR(20) NOT NULL COLLATE 'utf8_general_ci',
	`fname` VARCHAR(45) NOT NULL COLLATE 'utf8_general_ci',
	`lname` VARCHAR(45) NOT NULL COLLATE 'utf8_general_ci',
	`fulname` VARCHAR(100) NOT NULL COLLATE 'utf8_general_ci',
	`contact` VARCHAR(10) NOT NULL COLLATE 'utf8_general_ci',
	`email` VARCHAR(100) NOT NULL COLLATE 'utf8_general_ci',
	`dob` DATE NOT NULL,
	`reg_date` DATE NOT NULL,
	`religion` VARCHAR(45) NULL COLLATE 'utf8_general_ci',
	`gen` VARCHAR(10) NULL COLLATE 'utf8_general_ci',
	`address_line` VARCHAR(80) NULL COLLATE 'utf8_general_ci',
	`city` VARCHAR(45) NULL COLLATE 'utf8_general_ci',
	`postcode` VARCHAR(5) NULL COLLATE 'utf8_general_ci',
	`district` VARCHAR(45) NULL COLLATE 'utf8_general_ci',
	`province` VARCHAR(45) NULL COLLATE 'utf8_general_ci',
	`state` VARCHAR(30) NULL COLLATE 'utf8_general_ci',
	`nic_no` VARCHAR(15) NOT NULL COLLATE 'utf8_general_ci',
	`path` VARCHAR(80) NULL COLLATE 'utf8_general_ci'
) ENGINE=MyISAM;

-- Dumping structure for view eschool.allclass
-- Creating temporary table to overcome VIEW dependency errors
CREATE TABLE `allclass` (
	`clz_id` INT(10) NOT NULL,
	`clz_name` VARCHAR(45) NULL COLLATE 'utf8_general_ci',
	`teacher` VARCHAR(100) NULL COLLATE 'utf8_general_ci',
	`grade` INT(10) NULL,
	`medium` VARCHAR(45) NULL COLLATE 'utf8_general_ci',
	`al_stream` VARCHAR(45) NULL COLLATE 'utf8_general_ci'
) ENGINE=MyISAM;

-- Dumping structure for view eschool.allsubject
-- Creating temporary table to overcome VIEW dependency errors
CREATE TABLE `allsubject` (
	`sub_id` INT(10) NULL,
	`sub_name` VARCHAR(45) NULL COLLATE 'utf8_general_ci',
	`sub_grade_type` INT(10) NOT NULL,
	`sg_name` VARCHAR(10) NULL COLLATE 'utf8_general_ci',
	`c_id` INT(10) NOT NULL,
	`c_name` VARCHAR(45) NULL COLLATE 'utf8_general_ci',
	`s_id` INT(10) NULL,
	`stream_name` VARCHAR(45) NULL COLLATE 'utf8_general_ci'
) ENGINE=MyISAM;

-- Dumping structure for table eschool.al_stream
CREATE TABLE IF NOT EXISTS `al_stream` (
  `s_id` int NOT NULL AUTO_INCREMENT,
  `stream_name` varchar(45) DEFAULT NULL,
  PRIMARY KEY (`s_id`)
) ENGINE=InnoDB AUTO_INCREMENT=9 DEFAULT CHARSET=utf8mb3;

-- Dumping data for table eschool.al_stream: ~6 rows (approximately)
INSERT INTO `al_stream` (`s_id`, `stream_name`) VALUES
	(3, 'Common'),
	(4, 'Physical-Science'),
	(5, 'Commerce'),
	(6, 'Arts'),
	(7, 'Bio-Science'),
	(8, 'Technology');

-- Dumping structure for table eschool.al_stream_has_class
CREATE TABLE IF NOT EXISTS `al_stream_has_class` (
  `al_stream_s_id` int NOT NULL,
  `class_clz_id` int NOT NULL,
  PRIMARY KEY (`al_stream_s_id`,`class_clz_id`),
  KEY `fk_al_stream_has_class_class1_idx` (`class_clz_id`),
  KEY `fk_al_stream_has_class_al_stream1_idx` (`al_stream_s_id`),
  CONSTRAINT `fk_al_stream_has_class_al_stream1` FOREIGN KEY (`al_stream_s_id`) REFERENCES `al_stream` (`s_id`),
  CONSTRAINT `fk_al_stream_has_class_class1` FOREIGN KEY (`class_clz_id`) REFERENCES `class` (`clz_id`)
) ENGINE=InnoDB DEFAULT CHARSET=utf8mb3;

-- Dumping data for table eschool.al_stream_has_class: ~16 rows (approximately)
INSERT INTO `al_stream_has_class` (`al_stream_s_id`, `class_clz_id`) VALUES
	(5, 4),
	(4, 11),
	(4, 38),
	(4, 39),
	(6, 40),
	(6, 41),
	(7, 42),
	(7, 43),
	(8, 44),
	(4, 45),
	(4, 46),
	(5, 47),
	(5, 48),
	(7, 49),
	(6, 50),
	(6, 51);

-- Dumping structure for table eschool.al_stream_has_subject
CREATE TABLE IF NOT EXISTS `al_stream_has_subject` (
  `al_stream_id` int NOT NULL,
  `subject_sid` int NOT NULL,
  PRIMARY KEY (`al_stream_id`,`subject_sid`),
  KEY `fk_al_stream_has_subject_subject1_idx` (`subject_sid`),
  KEY `fk_al_stream_has_subject_al_stream1_idx` (`al_stream_id`),
  CONSTRAINT `fk_al_stream_has_subject_al_stream1` FOREIGN KEY (`al_stream_id`) REFERENCES `al_stream` (`s_id`),
  CONSTRAINT `fk_al_stream_has_subject_subject1` FOREIGN KEY (`subject_sid`) REFERENCES `subject` (`sub_id`)
) ENGINE=InnoDB DEFAULT CHARSET=utf8mb3;

-- Dumping data for table eschool.al_stream_has_subject: ~17 rows (approximately)
INSERT INTO `al_stream_has_subject` (`al_stream_id`, `subject_sid`) VALUES
	(4, 2),
	(6, 7),
	(3, 11),
	(6, 17),
	(4, 19),
	(7, 19),
	(4, 20),
	(7, 20),
	(5, 21),
	(5, 22),
	(7, 23),
	(8, 24),
	(8, 25),
	(6, 26),
	(6, 27),
	(8, 28),
	(5, 29);

-- Dumping structure for table eschool.announcement
CREATE TABLE IF NOT EXISTS `announcement` (
  `an_id` int NOT NULL AUTO_INCREMENT,
  `annouce` text NOT NULL,
  `user_type` int NOT NULL,
  `date_add` date NOT NULL,
  PRIMARY KEY (`an_id`),
  KEY `fk_announcement_user_type1_idx` (`user_type`),
  CONSTRAINT `fk_announcement_user_type1` FOREIGN KEY (`user_type`) REFERENCES `user_type` (`utid`)
) ENGINE=InnoDB AUTO_INCREMENT=15 DEFAULT CHARSET=utf8mb3;

-- Dumping data for table eschool.announcement: ~2 rows (approximately)
INSERT INTO `announcement` (`an_id`, `annouce`, `user_type`, `date_add`) VALUES
	(12, 'the skill development program will be held on 2022-05-20 for all teachers ', 3, '2022-05-06'),
	(14, 'Teacher meets up will be held on 2022-06-25 at the main hall', 2, '2022-06-12');

-- Dumping structure for table eschool.assignment
CREATE TABLE IF NOT EXISTS `assignment` (
  `aid` int NOT NULL AUTO_INCREMENT,
  `title` varchar(60) NOT NULL,
  `start_date` date NOT NULL,
  `end_date` date NOT NULL,
  `file_path` varchar(60) NOT NULL,
  `sub_id` int NOT NULL,
  `grade_gid` int NOT NULL,
  `teacher_tuid` int NOT NULL,
  `assignment_id` varchar(45) DEFAULT NULL,
  PRIMARY KEY (`aid`),
  KEY `fk_assinment_subject1_idx` (`sub_id`),
  KEY `fk_assinment_grade1_idx` (`grade_gid`),
  KEY `fk_assinment_teacher1_idx` (`teacher_tuid`),
  CONSTRAINT `fk_assinment_grade1` FOREIGN KEY (`grade_gid`) REFERENCES `grade` (`gid`),
  CONSTRAINT `fk_assinment_subject1` FOREIGN KEY (`sub_id`) REFERENCES `subject` (`sub_id`),
  CONSTRAINT `fk_assinment_teacher1` FOREIGN KEY (`teacher_tuid`) REFERENCES `user` (`uid`)
) ENGINE=InnoDB AUTO_INCREMENT=10 DEFAULT CHARSET=utf8mb3;

-- Dumping data for table eschool.assignment: ~6 rows (approximately)
INSERT INTO `assignment` (`aid`, `title`, `start_date`, `end_date`, `file_path`, `sub_id`, `grade_gid`, `teacher_tuid`, `assignment_id`) VALUES
	(2, 'drawing assinment', '2022-05-31', '2022-06-20', '1651472852.6634.pdf', 4, 78, 12, 'AG9/S4/0001'),
	(3, 'Buddhist quection', '2022-06-13', '2022-05-15', '1651475434.7142.pdf', 3, 77, 12, 'AG8/S3/0002'),
	(4, 'Combine maths ', '2022-05-08', '2022-05-18', '1652026724.9308.pdf', 2, 81, 24, 'AG12/S2/0003'),
	(5, 'Lesson 1 Quection assignment ', '2022-06-14', '2022-06-30', '1654940011.354.pdf', 3, 78, 12, 'AG9/S3/0004'),
	(8, 'Science assignment 01', '2022-06-12', '2022-06-26', '1655041039.6101.pdf', 14, 80, 31, 'AG11/S14/0005'),
	(9, 'Science Assignmen 02', '2022-06-20', '2022-06-26', '1655041085.5798.pdf', 14, 79, 31, 'AG10/S14/0008');

-- Dumping structure for view eschool.assingment_view
-- Creating temporary table to overcome VIEW dependency errors
CREATE TABLE `assingment_view` (
	`aid` INT(10) NOT NULL,
	`title` VARCHAR(60) NOT NULL COLLATE 'utf8_general_ci',
	`assignment_id` VARCHAR(45) NULL COLLATE 'utf8_general_ci',
	`start_date` DATE NOT NULL,
	`end_date` DATE NOT NULL,
	`file_path` VARCHAR(60) NOT NULL COLLATE 'utf8_general_ci',
	`gid` INT(10) NOT NULL,
	`gname` INT(10) NULL,
	`sub_id` INT(10) NOT NULL,
	`sub_name` VARCHAR(45) NULL COLLATE 'utf8_general_ci',
	`uid` INT(10) NULL,
	`username` VARCHAR(20) NULL COLLATE 'utf8_general_ci',
	`fname` VARCHAR(45) NULL COLLATE 'utf8_general_ci',
	`lname` VARCHAR(45) NULL COLLATE 'utf8_general_ci',
	`fulname` VARCHAR(100) NULL COLLATE 'utf8_general_ci',
	`gender_gid` INT(10) NULL
) ENGINE=MyISAM;

-- Dumping structure for table eschool.city
CREATE TABLE IF NOT EXISTS `city` (
  `cid` int NOT NULL AUTO_INCREMENT,
  `cname_en` varchar(45) DEFAULT NULL,
  `postcode` varchar(5) DEFAULT NULL,
  `district_did` int NOT NULL,
  PRIMARY KEY (`cid`),
  KEY `fk_city_district1_idx` (`district_did`),
  CONSTRAINT `fk_city_district1` FOREIGN KEY (`district_did`) REFERENCES `district` (`did`)
) ENGINE=InnoDB AUTO_INCREMENT=2213 DEFAULT CHARSET=utf8mb3;

-- Dumping data for table eschool.city: ~2,154 rows (approximately)
INSERT INTO `city` (`cid`, `cname_en`, `postcode`, `district_did`) VALUES
	(1, 'Akkaraipattu', '32400', 1),
	(2, 'Ambagahawatta', '90326', 1),
	(3, 'Ampara', '32000', 1),
	(4, 'Bakmitiyawa', '32024', 1),
	(5, 'Deegawapiya', '32006', 1),
	(6, 'Devalahinda', '32038', 1),
	(7, 'Digamadulla Weeragoda', '32008', 1),
	(8, 'Dorakumbura', '32104', 1),
	(9, 'Gonagolla', '32064', 1),
	(10, 'Hulannuge', '32514', 1),
	(11, 'Kalmunai', '32300', 1),
	(12, 'Kannakipuram', '32405', 1),
	(13, 'Karativu', '32250', 1),
	(14, 'Kekirihena', '32074', 1),
	(15, 'Koknahara', '32035', 1),
	(16, 'Kolamanthalawa', '32102', 1),
	(17, 'Komari', '32418', 1),
	(18, 'Lahugala', '32512', 1),
	(19, 'Irakkamam', '32450', 1),
	(20, 'Mahaoya', '32070', 1),
	(21, 'Marathamune', '32314', 1),
	(22, 'Namaloya', '32037', 1),
	(23, 'Navithanveli', '32308', 1),
	(24, 'Nintavur', '32340', 1),
	(25, 'Oluvil', '32360', 1),
	(26, 'Padiyatalawa', '32100', 1),
	(27, 'Pahalalanda', '32034', 1),
	(28, 'Panama', '32508', 1),
	(29, 'Pannalagama', '32022', 1),
	(30, 'Paragahakele', '32031', 1),
	(31, 'Periyaneelavanai', '32316', 1),
	(32, 'Polwaga Janapadaya', '32032', 1),
	(33, 'Pottuvil', '32500', 1),
	(34, 'Sainthamaruthu', '32280', 1),
	(35, 'Samanthurai', '32200', 1),
	(36, 'Serankada', '32101', 1),
	(37, 'Tempitiya', '32072', 1),
	(38, 'Thambiluvil', '32415', 1),
	(39, 'Tirukovil', '32420', 1),
	(40, 'Uhana', '32060', 1),
	(41, 'Wadinagala', '32039', 1),
	(42, 'Wanagamuwa', '32454', 1),
	(43, 'Angamuwa', '50248', 2),
	(44, 'Anuradhapura', '50000', 2),
	(45, 'Awukana', '50169', 2),
	(46, 'Bogahawewa', '50566', 2),
	(47, 'Dematawewa', '50356', 2),
	(48, 'Dimbulagala', '51031', 2),
	(49, 'Dutuwewa', '50393', 2),
	(50, 'Elayapattuwa', '50014', 2),
	(51, 'Ellewewa', '51034', 2),
	(52, 'Eppawala', '50260', 2),
	(53, 'Etawatunuwewa', '50584', 2),
	(54, 'Etaweeragollewa', '50518', 2),
	(55, 'Galapitagala', '32066', 2),
	(56, 'Galenbindunuwewa', '50390', 2),
	(57, 'Galkadawala', '50006', 2),
	(58, 'Galkiriyagama', '50120', 2),
	(59, 'Galkulama', '50064', 2),
	(60, 'Galnewa', '50170', 2),
	(61, 'Gambirigaswewa', '50057', 2),
	(62, 'Ganewalpola', '50142', 2),
	(63, 'Gemunupura', '50224', 2),
	(64, 'Getalawa', '50392', 2),
	(65, 'Gnanikulama', '50036', 2),
	(66, 'Gonahaddenawa', '50554', 2),
	(67, 'Habarana', '50150', 2),
	(68, 'Halmillawa Dambulla', '50124', 2),
	(69, 'Halmillawetiya', '50552', 2),
	(70, 'Hidogama', '50044', 2),
	(71, 'Horawpatana', '50350', 2),
	(72, 'Horiwila', '50222', 2),
	(73, 'Hurigaswewa', '50176', 2),
	(74, 'Hurulunikawewa', '50394', 2),
	(75, 'Ihala Puliyankulama', '61316', 2),
	(76, 'Kagama', '50282', 2),
	(77, 'Kahatagasdigiliya', '50320', 2),
	(78, 'Kahatagollewa', '50562', 2),
	(79, 'Kalakarambewa', '50288', 2),
	(80, 'Kalaoya', '50226', 2),
	(81, 'Kalawedi Ulpotha', '50556', 2),
	(82, 'Kallanchiya', '50454', 2),
	(83, 'Kalpitiya', '61360', 2),
	(84, 'Kalukele Badanagala', '51037', 2),
	(85, 'Kapugallawa', '50370', 2),
	(86, 'Karagahawewa', '50232', 2),
	(87, 'Kashyapapura', '51032', 2),
	(88, 'Kebithigollewa', '50500', 2),
	(89, 'Kekirawa', '50100', 2),
	(90, 'Kendewa', '50452', 2),
	(91, 'Kiralogama', '50259', 2),
	(92, 'Kirigalwewa', '50511', 2),
	(93, 'Kirimundalama', '61362', 2),
	(94, 'Kitulhitiyawa', '50132', 2),
	(95, 'Kurundankulama', '50062', 2),
	(96, 'Labunoruwa', '50088', 2),
	(97, 'Ihalagama', '50304', 2),
	(98, 'Ipologama', '50280', 2),
	(99, 'Madatugama', '50130', 2),
	(100, 'Maha Elagamuwa', '50126', 2),
	(101, 'Mahabulankulama', '50196', 2),
	(102, 'Mahailluppallama', '50270', 2),
	(103, 'Mahakanadarawa', '50306', 2),
	(104, 'Mahapothana', '50327', 2),
	(105, 'Mahasenpura', '50574', 2),
	(106, 'Mahawilachchiya', '50022', 2),
	(107, 'Mailagaswewa', '50384', 2),
	(108, 'Malwanagama', '50236', 2),
	(109, 'Maneruwa', '50182', 2),
	(110, 'Maradankadawala', '50080', 2),
	(111, 'Maradankalla', '50308', 2),
	(112, 'Medawachchiya', '50500', 2),
	(113, 'Megodawewa', '50334', 2),
	(114, 'Mihintale', '50300', 2),
	(115, 'Morakewa', '50349', 2),
	(116, 'Mulkiriyawa', '50324', 2),
	(117, 'Muriyakadawala', '50344', 2),
	(118, 'Colombo 15', '01500', 5),
	(119, 'Nachchaduwa', '50046', 2),
	(120, 'Namalpura', '50339', 2),
	(121, 'Negampaha', '50180', 2),
	(122, 'Nochchiyagama', '50200', 2),
	(123, 'Nuwaragala', '51039', 2),
	(124, 'Padavi Maithripura', '50572', 2),
	(125, 'Padavi Parakramapura', '50582', 2),
	(126, 'Padavi Sripura', '50587', 2),
	(127, 'Padavi Sritissapura', '50588', 2),
	(128, 'Padaviya', '50570', 2),
	(129, 'Padikaramaduwa', '50338', 2),
	(130, 'Pahala Halmillewa', '50206', 2),
	(131, 'Pahala Maragahawe', '50220', 2),
	(132, 'Pahalagama', '50244', 2),
	(133, 'Palugaswewa', '50144', 2),
	(134, 'Pandukabayapura', '50448', 2),
	(135, 'Pandulagama', '50029', 2),
	(136, 'Parakumpura', '50326', 2),
	(137, 'Parangiyawadiya', '50354', 2),
	(138, 'Parasangahawewa', '50055', 2),
	(139, 'Pelatiyawa', '51033', 2),
	(140, 'Pemaduwa', '50020', 2),
	(141, 'Perimiyankulama', '50004', 2),
	(142, 'Pihimbiyagolewa', '50512', 2),
	(143, 'Pubbogama', '50122', 2),
	(144, 'Punewa', '50506', 2),
	(145, 'Rajanganaya', '50246', 2),
	(146, 'Rambewa', '50450', 2),
	(147, 'Rampathwila', '50386', 2),
	(148, 'Rathmalgahawewa', '50514', 2),
	(149, 'Saliyapura', '50008', 2),
	(150, 'Seeppukulama', '50380', 2),
	(151, 'Senapura', '50284', 2),
	(152, 'Sivalakulama', '50068', 2),
	(153, 'Siyambalewa', '50184', 2),
	(154, 'Sravasthipura', '50042', 2),
	(155, 'Talawa', '50230', 2),
	(156, 'Tambuttegama', '50240', 2),
	(157, 'Tammennawa', '50104', 2),
	(158, 'Tantirimale', '50016', 2),
	(159, 'Telhiriyawa', '50242', 2),
	(160, 'Tirappane', '50072', 2),
	(161, 'Tittagonewa', '50558', 2),
	(162, 'Udunuwara Colony', '50207', 2),
	(163, 'Upuldeniya', '50382', 2),
	(164, 'Uttimaduwa', '50067', 2),
	(165, 'Vellamanal', '31053', 2),
	(166, 'Viharapalugama', '50012', 2),
	(167, 'Wahalkada', '50564', 2),
	(168, 'Wahamalgollewa', '50492', 2),
	(169, 'Walagambahuwa', '50086', 2),
	(170, 'Walahaviddawewa', '50516', 2),
	(171, 'Welimuwapotana', '50358', 2),
	(172, 'Welioya Project', '50586', 2),
	(173, 'Akkarasiyaya', '90166', 3),
	(174, 'Aluketiyawa', '90736', 3),
	(175, 'Aluttaramma', '90722', 3),
	(176, 'Ambadandegama', '90108', 3),
	(177, 'Ambagasdowa', '90300', 3),
	(178, 'Arawa', '90017', 3),
	(179, 'Arawakumbura', '90532', 3),
	(180, 'Arawatta', '90712', 3),
	(181, 'Atakiriya', '90542', 3),
	(182, 'Badulla', '90000', 3),
	(183, 'Baduluoya', '90019', 3),
	(184, 'Ballaketuwa', '90092', 3),
	(185, 'Bambarapana', '90322', 3),
	(186, 'Bandarawela', '90100', 3),
	(187, 'Beramada', '90066', 3),
	(188, 'Bibilegama', '90502', 3),
	(189, 'Boragas', '90362', 3),
	(190, 'Boralanda', '90170', 3),
	(191, 'Bowela', '90302', 3),
	(192, 'Central Camp', '32050', 3),
	(193, 'Damanewela', '32126', 3),
	(194, 'Dambana', '90714', 3),
	(195, 'Dehiattakandiya', '32150', 3),
	(196, 'Demodara', '90080', 3),
	(197, 'Diganatenna', '90132', 3),
	(198, 'Dikkapitiya', '90214', 3),
	(199, 'Dimbulana', '90324', 3),
	(200, 'Divulapelessa', '90726', 3),
	(201, 'Diyatalawa', '90150', 3),
	(202, 'Dulgolla', '90104', 3),
	(203, 'Ekiriyankumbura', '91502', 3),
	(204, 'Ella', '90090', 3),
	(205, 'Ettampitiya', '90140', 3),
	(206, 'Galauda', '90065', 3),
	(207, 'Galporuyaya', '90752', 3),
	(208, 'Gawarawela', '90082', 3),
	(209, 'Girandurukotte', '90750', 3),
	(210, 'Godunna', '90067', 3),
	(211, 'Gurutalawa', '90208', 3),
	(212, 'Haldummulla', '90180', 3),
	(213, 'Hali Ela', '90060', 3),
	(214, 'Hangunnawa', '90224', 3),
	(215, 'Haputale', '90160', 3),
	(216, 'Hebarawa', '90724', 3),
	(217, 'Heeloya', '90112', 3),
	(218, 'Helahalpe', '90122', 3),
	(219, 'Helapupula', '90094', 3),
	(220, 'Hopton', '90524', 3),
	(221, 'Idalgashinna', '96167', 3),
	(222, 'Kahataruppa', '90052', 3),
	(223, 'Kalugahakandura', '90546', 3),
	(224, 'Kalupahana', '90186', 3),
	(225, 'Kebillawela', '90102', 3),
	(226, 'Kendagolla', '90048', 3),
	(227, 'Keselpotha', '90738', 3),
	(228, 'Ketawatta', '90016', 3),
	(229, 'Kiriwanagama', '90184', 3),
	(230, 'Koslanda', '90190', 3),
	(231, 'Kuruwitenna', '90728', 3),
	(232, 'Kuttiyagolla', '90046', 3),
	(233, 'Landewela', '90068', 3),
	(234, 'Liyangahawela', '90106', 3),
	(235, 'Lunugala', '90530', 3),
	(236, 'Lunuwatta', '90310', 3),
	(237, 'Madulsima', '90535', 3),
	(238, 'Mahiyanganaya', '90700', 3),
	(239, 'Makulella', '90114', 3),
	(240, 'Malgoda', '90754', 3),
	(241, 'Mapakadawewa', '90730', 3),
	(242, 'Maspanna', '90328', 3),
	(243, 'Maussagolla', '90582', 3),
	(244, 'Mawanagama', '32158', 3),
	(245, 'Medawela Udukinda', '90218', 3),
	(246, 'Meegahakiula', '90015', 3),
	(247, 'Metigahatenna', '90540', 3),
	(248, 'Mirahawatta', '90134', 3),
	(249, 'Miriyabedda', '90504', 3),
	(250, 'Nawamedagama', '32120', 3),
	(251, 'Nelumgama', '90042', 3),
	(252, 'Nikapotha', '90165', 3),
	(253, 'Nugatalawa', '90216', 3),
	(254, 'Ohiya', '90168', 3),
	(255, 'Pahalarathkinda', '90756', 3),
	(256, 'Pallekiruwa', '90534', 3),
	(257, 'Passara', '90500', 3),
	(258, 'Pattiyagedara', '90138', 3),
	(259, 'Pelagahatenna', '90522', 3),
	(260, 'Perawella', '90222', 3),
	(261, 'Pitamaruwa', '90544', 3),
	(262, 'Pitapola', '90171', 3),
	(263, 'Puhulpola', '90212', 3),
	(264, 'Rajagalatenna', '32068', 3),
	(265, 'Rathkarawwa', '90164', 3),
	(266, 'Ridimaliyadda', '90704', 3),
	(267, 'Silmiyapura', '90364', 3),
	(268, 'Sirimalgoda', '90044', 3),
	(269, 'Siripura', '32155', 3),
	(270, 'Sorabora Colony', '90718', 3),
	(271, 'Soragune', '90183', 3),
	(272, 'Soranathota', '90008', 3),
	(273, 'Taldena', '90014', 3),
	(274, 'Timbirigaspitiya', '90012', 3),
	(275, 'Uduhawara', '90226', 3),
	(276, 'Uraniya', '90702', 3),
	(277, 'Uva Karandagolla', '90091', 3),
	(278, 'Uva Mawelagama', '90192', 3),
	(279, 'Uva Tenna', '90188', 3),
	(280, 'Uva Tissapura', '90734', 3),
	(281, 'Welimada', '90200', 3),
	(282, 'Weranketagoda', '32062', 3),
	(283, 'Wewatta', '90716', 3),
	(284, 'Wineethagama', '90034', 3),
	(285, 'Yalagamuwa', '90329', 3),
	(286, 'Yalwela', '90706', 3),
	(287, 'Addalaichenai', '32350', 4),
	(288, 'Ampilanthurai', '30162', 4),
	(289, 'Araipattai', '30150', 4),
	(290, 'Ayithiyamalai', '30362', 4),
	(291, 'Bakiella', '30206', 4),
	(292, 'Batticaloa', '30000', 4),
	(293, 'Cheddipalayam', '30194', 4),
	(294, 'Chenkaladi', '30350', 4),
	(295, 'Eravur', '30300', 4),
	(296, 'Kaluwanchikudi', '30200', 4),
	(297, 'Kaluwankemy', '30372', 4),
	(298, 'Kannankudah', '30016', 4),
	(299, 'Karadiyanaru', '30354', 4),
	(300, 'Kathiraveli', '30456', 4),
	(301, 'Kattankudi', '30100', 4),
	(302, 'Kiran', '30394', 4),
	(303, 'Kirankulam', '30159', 4),
	(304, 'Koddaikallar', '30249', 4),
	(305, 'Kokkaddicholai', '30160', 4),
	(306, 'Kurukkalmadam', '30192', 4),
	(307, 'Mandur', '30220', 4),
	(308, 'Miravodai', '30426', 4),
	(309, 'Murakottanchanai', '30392', 4),
	(310, 'Navagirinagar', '30238', 4),
	(311, 'Navatkadu', '30018', 4),
	(312, 'Oddamavadi', '30420', 4),
	(313, 'Palamunai', '32354', 4),
	(314, 'Pankudavely', '30352', 4),
	(315, 'Periyaporativu', '30230', 4),
	(316, 'Periyapullumalai', '30358', 4),
	(317, 'Pillaiyaradi', '30022', 4),
	(318, 'Punanai', '30428', 4),
	(319, 'Thannamunai', '30024', 4),
	(320, 'Thettativu', '30196', 4),
	(321, 'Thikkodai', '30236', 4),
	(322, 'Thirupalugamam', '30234', 4),
	(323, 'Unnichchai', '30364', 4),
	(324, 'Vakaneri', '30424', 4),
	(325, 'Vakarai', '30450', 4),
	(326, 'Valaichenai', '30400', 4),
	(327, 'Vantharumoolai', '30376', 4),
	(328, 'Vellavely', '30204', 4),
	(329, 'Akarawita', '10732', 5),
	(330, 'Ambalangoda', '80300', 5),
	(331, 'Athurugiriya', '10150', 5),
	(332, 'Avissawella', '10700', 5),
	(333, 'Batawala', '10513', 5),
	(334, 'Battaramulla', '10120', 5),
	(335, 'Biyagama', '11650', 5),
	(336, 'Bope', '10522', 5),
	(337, 'Boralesgamuwa', '10290', 5),
	(338, 'Colombo 8', '00800', 5),
	(339, 'Dedigamuwa', '10656', 5),
	(340, 'Dehiwala', '10350', 5),
	(341, 'Deltara', '10302', 5),
	(342, 'Habarakada', '10204', 5),
	(343, 'Hanwella', '10650', 5),
	(344, 'Hiripitya', '10232', 5),
	(345, 'Hokandara', '10118', 5),
	(346, 'Homagama', '10200', 5),
	(347, 'Horagala', '10502', 5),
	(348, 'Kaduwela', '10640', 5),
	(349, 'Kaluaggala', '11224', 5),
	(350, 'Kapugoda', '10662', 5),
	(351, 'Kehelwatta', '12550', 5),
	(352, 'Kiriwattuduwa', '10208', 5),
	(353, 'Kolonnawa', '10600', 5),
	(354, 'Kosgama', '10730', 5),
	(355, 'Madapatha', '10306', 5),
	(356, 'Maharagama', '10280', 5),
	(357, 'Malabe', '10115', 5),
	(358, 'Moratuwa', '10400', 5),
	(359, 'Mount Lavinia', '10370', 5),
	(360, 'Mullegama', '10202', 5),
	(361, 'Napawela', '10704', 5),
	(362, 'Nugegoda', '10250', 5),
	(363, 'Padukka', '10500', 5),
	(364, 'Pannipitiya', '10230', 5),
	(365, 'Piliyandala', '10300', 5),
	(366, 'Pitipana Homagama', '10206', 5),
	(367, 'Polgasowita', '10320', 5),
	(368, 'Pugoda', '10660', 5),
	(369, 'Ranala', '10654', 5),
	(370, 'Siddamulla', '10304', 5),
	(371, 'Siyambalagoda', '81462', 5),
	(372, 'Sri Jayawardenepura', '10100', 5),
	(373, 'Talawatugoda', '10116', 5),
	(374, 'Tummodara', '10682', 5),
	(375, 'Waga', '10680', 5),
	(376, 'Colombo 6', '00600', 5),
	(377, 'Agaliya', '80212', 6),
	(378, 'Ahangama', '80650', 6),
	(379, 'Ahungalla', '80562', 6),
	(380, 'Akmeemana', '80090', 6),
	(381, 'Alawatugoda', '20140', 6),
	(382, 'Aluthwala', '80332', 6),
	(383, 'Ampegama', '80204', 6),
	(384, 'Amugoda', '80422', 6),
	(385, 'Anangoda', '80044', 6),
	(386, 'Angulugaha', '80122', 6),
	(387, 'Ankokkawala', '80048', 6),
	(388, 'Aselapura', '51072', 6),
	(389, 'Baddegama', '80200', 6),
	(390, 'Balapitiya', '80550', 6),
	(391, 'Banagala', '80143', 6),
	(392, 'Batapola', '80320', 6),
	(393, 'Bentota', '80500', 6),
	(394, 'Boossa', '80270', 6),
	(395, 'Dellawa', '81477', 6),
	(396, 'Dikkumbura', '80654', 6),
	(397, 'Dodanduwa', '80250', 6),
	(398, 'Ella Tanabaddegama', '80402', 6),
	(399, 'Elpitiya', '80400', 6),
	(400, 'Galle', '80000', 6),
	(401, 'Ginimellagaha', '80220', 6),
	(402, 'Gintota', '80280', 6),
	(403, 'Godahena', '80302', 6),
	(404, 'Gonamulla Junction', '80054', 6),
	(405, 'Gonapinuwala', '80230', 6),
	(406, 'Habaraduwa', '80630', 6),
	(407, 'Haburugala', '80506', 6),
	(408, 'Hikkaduwa', '80240', 6),
	(409, 'Hiniduma', '80080', 6),
	(410, 'Hiyare', '80056', 6),
	(411, 'Kahaduwa', '80460', 6),
	(412, 'Kahawa', '80312', 6),
	(413, 'Karagoda', '80151', 6),
	(414, 'Karandeniya', '80360', 6),
	(415, 'Kosgoda', '80570', 6),
	(416, 'Kottawagama', '80062', 6),
	(417, 'Kottegoda', '81180', 6),
	(418, 'Kuleegoda', '80328', 6),
	(419, 'Magedara', '80152', 6),
	(420, 'Mahawela Sinhapura', '51076', 6),
	(421, 'Mapalagama', '80112', 6),
	(422, 'Mapalagama Central', '80116', 6),
	(423, 'Mattaka', '80424', 6),
	(424, 'Meda-Keembiya', '80092', 6),
	(425, 'Meetiyagoda', '80330', 6),
	(426, 'Nagoda', '80110', 6),
	(427, 'Nakiyadeniya', '80064', 6),
	(428, 'Nawandagala', '80416', 6),
	(429, 'Neluwa', '80082', 6),
	(430, 'Nindana', '80318', 6),
	(431, 'Pahala Millawa', '81472', 6),
	(432, 'Panangala', '80075', 6),
	(433, 'Pannimulla Panagoda', '80086', 6),
	(434, 'Parana Thanayamgoda', '80114', 6),
	(435, 'Patana', '22012', 6),
	(436, 'Pitigala', '80420', 6),
	(437, 'Poddala', '80170', 6),
	(438, 'Polgampola', '12136', 6),
	(439, 'Porawagama', '80408', 6),
	(440, 'Rantotuwila', '80354', 6),
	(441, 'Talagampola', '80058', 6),
	(442, 'Talgaspe', '80406', 6),
	(443, 'Talpe', '80615', 6),
	(444, 'Tawalama', '80148', 6),
	(445, 'Tiranagama', '80244', 6),
	(446, 'Udalamatta', '80108', 6),
	(447, 'Udugama', '80070', 6),
	(448, 'Uluvitike', '80168', 6),
	(449, 'Unawatuna', '80600', 6),
	(450, 'Unawitiya', '80214', 6),
	(451, 'Uragaha', '80352', 6),
	(452, 'Uragasmanhandiya', '80350', 6),
	(453, 'Wakwella', '80042', 6),
	(454, 'Walahanduwa', '80046', 6),
	(455, 'Wanchawela', '80120', 6),
	(456, 'Wanduramba', '80100', 6),
	(457, 'Warukandeniya', '80084', 6),
	(458, 'Watugedara', '80340', 6),
	(459, 'Weihena', '80216', 6),
	(460, 'Welikanda', '51070', 6),
	(461, 'Wilanagama', '20142', 6),
	(462, 'Yakkalamulla', '80150', 6),
	(463, 'Yatalamatta', '80107', 6),
	(464, 'Akaragama', '11536', 7),
	(465, 'Ambagaspitiya', '11052', 7),
	(466, 'Ambepussa', '11212', 7),
	(467, 'Andiambalama', '11558', 7),
	(468, 'Attanagalla', '11120', 7),
	(469, 'Badalgama', '11538', 7),
	(470, 'Banduragoda', '11244', 7),
	(471, 'Batuwatta', '11011', 7),
	(472, 'Bemmulla', '11040', 7),
	(473, 'Biyagama IPZ', '11672', 7),
	(474, 'Bokalagama', '11216', 7),
	(475, 'Bollete (WP)', '11024', 7),
	(476, 'Bopagama', '11134', 7),
	(477, 'Buthpitiya', '11720', 7),
	(478, 'Dagonna', '11524', 7),
	(479, 'Danowita', '11896', 7),
	(480, 'Debahera', '11889', 7),
	(481, 'Dekatana', '11690', 7),
	(482, 'Delgoda', '11700', 7),
	(483, 'Delwagura', '11228', 7),
	(484, 'Demalagama', '11692', 7),
	(485, 'Demanhandiya', '11270', 7),
	(486, 'Dewalapola', '11102', 7),
	(487, 'Divulapitiya', '11250', 7),
	(488, 'Divuldeniya', '11208', 7),
	(489, 'Dompe', '11680', 7),
	(490, 'Dunagaha', '11264', 7),
	(491, 'Ekala', '11380', 7),
	(492, 'Ellakkala', '11116', 7),
	(493, 'Essella', '11108', 7),
	(494, 'Galedanda', '90206', 7),
	(495, 'Gampaha', '11000', 7),
	(496, 'Ganemulla', '11020', 7),
	(497, 'Giriulla', '60140', 7),
	(498, 'Gonawala', '11630', 7),
	(499, 'Halpe', '70145', 7),
	(500, 'Hapugastenna', '70164', 7),
	(501, 'Heiyanthuduwa', '11618', 7),
	(502, 'Hinatiyana Madawala', '11568', 7),
	(503, 'Hiswella', '11734', 7),
	(504, 'Horampella', '11564', 7),
	(505, 'Hunumulla', '11262', 7),
	(506, 'Hunupola', '60582', 7),
	(507, 'Ihala Madampella', '11265', 7),
	(508, 'Imbulgoda', '11856', 7),
	(509, 'Ja-Ela', '11350', 7),
	(510, 'Kadawatha', '11850', 7),
	(511, 'Kahatowita', '11144', 7),
	(512, 'Kalagedihena', '11875', 7),
	(513, 'Kaleliya', '11160', 7),
	(514, 'Kandana', '11320', 7),
	(515, 'Katana', '11534', 7),
	(516, 'Katudeniya', '21016', 7),
	(517, 'Katunayake', '11450', 7),
	(518, 'Katunayake Air Force Camp', '11440', 7),
	(519, 'Katunayake(FTZ)', '11420', 7),
	(520, 'Katuwellegama', '11526', 7),
	(521, 'Kelaniya', '11600', 7),
	(522, 'Kimbulapitiya', '11522', 7),
	(523, 'Kirindiwela', '11730', 7),
	(524, 'Kitalawalana', '11206', 7),
	(525, 'Kochchikade', '11540', 7),
	(526, 'Kotadeniyawa', '11232', 7),
	(527, 'Kotugoda', '11390', 7),
	(528, 'Kumbaloluwa', '11105', 7),
	(529, 'Loluwagoda', '11204', 7),
	(530, 'Mabodale', '11114', 7),
	(531, 'Madelgamuwa', '11033', 7),
	(532, 'Makewita', '11358', 7),
	(533, 'Makola', '11640', 7),
	(534, 'Malwana', '11670', 7),
	(535, 'Mandawala', '11061', 7),
	(536, 'Marandagahamula', '11260', 7),
	(537, 'Mellawagedara', '11234', 7),
	(538, 'Minuwangoda', '11550', 7),
	(539, 'Mirigama', '11200', 7),
	(540, 'Miriswatta', '80508', 7),
	(541, 'Mithirigala', '11742', 7),
	(542, 'Muddaragama', '11112', 7),
	(543, 'Mudungoda', '11056', 7),
	(544, 'Mulleriyawa New Town', '10620', 7),
	(545, 'Naranwala', '11063', 7),
	(546, 'Nawana', '11222', 7),
	(547, 'Nedungamuwa', '11066', 7),
	(548, 'Negombo', '11500', 7),
	(549, 'Nikadalupotha', '60580', 7),
	(550, 'Nikahetikanda', '11128', 7),
	(551, 'Nittambuwa', '11880', 7),
	(552, 'Niwandama', '11354', 7),
	(553, 'Opatha', '80142', 7),
	(554, 'Pamunugama', '11370', 7),
	(555, 'Pamunuwatta', '11214', 7),
	(556, 'Panawala', '70612', 7),
	(557, 'Pasyala', '11890', 7),
	(558, 'Peliyagoda', '11830', 7),
	(559, 'Pepiliyawala', '11741', 7),
	(560, 'Pethiyagoda', '11043', 7),
	(561, 'Polpithimukulana', '11324', 7),
	(562, 'Puwakpitiya', '10712', 7),
	(563, 'Radawadunna', '11892', 7),
	(564, 'Radawana', '11725', 7),
	(565, 'Raddolugama', '11400', 7),
	(566, 'Ragama', '11010', 7),
	(567, 'Ruggahawila', '11142', 7),
	(568, 'Seeduwa', '11410', 7),
	(569, 'Siyambalape', '11607', 7),
	(570, 'Talahena', '11504', 7),
	(571, 'Thambagalla', '60584', 7),
	(572, 'Thimbirigaskatuwa', '11532', 7),
	(573, 'Tittapattara', '10664', 7),
	(574, 'Udathuthiripitiya', '11054', 7),
	(575, 'Udugampola', '11030', 7),
	(576, 'Uggalboda', '11034', 7),
	(577, 'Urapola', '11126', 7),
	(578, 'Uswetakeiyawa', '11328', 7),
	(579, 'Veyangoda', '11100', 7),
	(580, 'Walgammulla', '11146', 7),
	(581, 'Walpita', '11226', 7),
	(582, 'Walpola (WP)', '11012', 7),
	(583, 'Wathurugama', '11724', 7),
	(584, 'Watinapaha', '11104', 7),
	(585, 'Wattala', '11104', 7),
	(586, 'Weboda', '11858', 7),
	(587, 'Wegowwa', '11562', 7),
	(588, 'Weweldeniya', '11894', 7),
	(589, 'Yakkala', '11870', 7),
	(590, 'Yatiyana', '11566', 7),
	(591, 'Ambalantota', '82100', 8),
	(592, 'Angunakolapelessa', '82220', 8),
	(593, 'Angunakolawewa', '91302', 8),
	(594, 'Bandagiriya Colony', '82005', 8),
	(595, 'Barawakumbuka', '82110', 8),
	(596, 'Beliatta', '82400', 8),
	(597, 'Beragama', '82102', 8),
	(598, 'Beralihela', '82618', 8),
	(599, 'Bundala', '82002', 8),
	(600, 'Ellagala', '82619', 8),
	(601, 'Gangulandeniya', '82586', 8),
	(602, 'Getamanna', '82420', 8),
	(603, 'Goda Koggalla', '82401', 8),
	(604, 'Gonagamuwa Uduwila', '82602', 8),
	(605, 'Gonnoruwa', '82006', 8),
	(606, 'Hakuruwela', '82248', 8),
	(607, 'Hambantota', '82000', 8),
	(608, 'Handugala', '81326', 8),
	(609, 'Hungama', '82120', 8),
	(610, 'Ihala Beligalla', '82412', 8),
	(611, 'Iththa Demaliya', '82462', 8),
	(612, 'Julampitiya', '82252', 8),
	(613, 'Kahandamodara', '82126', 8),
	(614, 'Kariyamaditta', '82274', 8),
	(615, 'Katuwana', '82500', 8),
	(616, 'Kawantissapura', '82622', 8),
	(617, 'Kirama', '82550', 8),
	(618, 'Kirinda', '82614', 8),
	(619, 'Lunama', '82108', 8),
	(620, 'Lunugamwehera', '82634', 8),
	(621, 'Magama', '82608', 8),
	(622, 'Mahagalwewa', '82016', 8),
	(623, 'Mamadala', '82109', 8),
	(624, 'Medamulana', '82254', 8),
	(625, 'Middeniya', '82270', 8),
	(626, 'Meegahajandura', '82014', 8),
	(627, 'Modarawana', '82416', 8),
	(628, 'Mulkirigala', '82242', 8),
	(629, 'Nakulugamuwa', '82300', 8),
	(630, 'Netolpitiya', '82135', 8),
	(631, 'Nihiluwa', '82414', 8),
	(632, 'Padawkema', '82636', 8),
	(633, 'Pahala Andarawewa', '82008', 8),
	(634, 'Rammalawarapitiya', '82554', 8),
	(635, 'Ranakeliya', '82612', 8),
	(636, 'Ranmuduwewa', '82018', 8),
	(637, 'Ranna', '82125', 8),
	(638, 'Ratmalwala', '82276', 8),
	(639, 'Ruhunu Ridiyagama', '82106', 8),
	(640, 'Sooriyawewa Town', '82010', 8),
	(641, 'Tangalla', '82200', 8),
	(642, 'Tissamaharama', '82600', 8),
	(643, 'Uda Gomadiya', '82504', 8),
	(644, 'Udamattala', '82638', 8),
	(645, 'Uswewa', '82278', 8),
	(646, 'Vitharandeniya', '82232', 8),
	(647, 'Walasmulla', '82450', 8),
	(648, 'Weeraketiya', '82240', 8),
	(649, 'Weerawila', '82632', 8),
	(650, 'Weerawila NewTown', '82615', 8),
	(651, 'Wekandawela', '82246', 8),
	(652, 'Weligatta', '82004', 8),
	(653, 'Yatigala', '82418', 8),
	(654, 'Jaffna', '40000', 9),
	(655, 'Agalawatta', '12200', 10),
	(656, 'Alubomulla', '12524', 10),
	(657, 'Anguruwatota', '12320', 10),
	(658, 'Atale', '71363', 10),
	(659, 'Baduraliya', '12230', 10),
	(660, 'Bandaragama', '12530', 10),
	(661, 'Batugampola', '10526', 10),
	(662, 'Bellana', '12224', 10),
	(663, 'Beruwala', '12070', 10),
	(664, 'Bolossagama', '12008', 10),
	(665, 'Bombuwala', '12024', 10),
	(666, 'Boralugoda', '12142', 10),
	(667, 'Bulathsinhala', '12300', 10),
	(668, 'Danawala Thiniyawala', '12148', 10),
	(669, 'Delmella', '12304', 10),
	(670, 'Dharga Town', '12090', 10),
	(671, 'Diwalakada', '12308', 10),
	(672, 'Dodangoda', '12020', 10),
	(673, 'Dombagoda', '12416', 10),
	(674, 'Ethkandura', '80458', 10),
	(675, 'Galpatha', '12005', 10),
	(676, 'Gamagoda', '12016', 10),
	(677, 'Gonagalpura', '80502', 10),
	(678, 'Gonapola Junction', '12410', 10),
	(679, 'Govinna', '12310', 10),
	(680, 'Gurulubadda', '12236', 10),
	(681, 'Halkandawila', '12055', 10),
	(682, 'Haltota', '12538', 10),
	(683, 'Halvitigala Colony', '80146', 10),
	(684, 'Halwala', '12118', 10),
	(685, 'Halwatura', '12306', 10),
	(686, 'Handapangoda', '10524', 10),
	(687, 'Hedigalla Colony', '12234', 10),
	(688, 'Henegama', '11715', 10),
	(689, 'Hettimulla', '71210', 10),
	(690, 'Horana', '12400', 10),
	(691, 'Ittapana', '12116', 10),
	(692, 'Kahawala', '10508', 10),
	(693, 'Kalawila Kiranthidiya', '12078', 10),
	(694, 'Kalutara', '12000', 10),
	(695, 'Kananwila', '12418', 10),
	(696, 'Kandanagama', '12428', 10),
	(697, 'Kelinkanda', '12218', 10),
	(698, 'Kitulgoda', '12222', 10),
	(699, 'Koholana', '12007', 10),
	(700, 'Kuda Uduwa', '12426', 10),
	(701, 'Labbala', '60162', 10),
	(702, 'Ihalahewessa', '80432', 10),
	(703, 'Induruwa', '80510', 10),
	(704, 'Ingiriya', '12440', 10),
	(705, 'Maggona', '12060', 10),
	(706, 'Mahagama', '12210', 10),
	(707, 'Mahakalupahana', '12126', 10),
	(708, 'Maharangalla', '71211', 10),
	(709, 'Malgalla Talangalla', '80144', 10),
	(710, 'Matugama', '12100', 10),
	(711, 'Meegahatenna', '12130', 10),
	(712, 'Meegama', '12094', 10),
	(713, 'Meegoda', '10504', 10),
	(714, 'Millaniya', '12412', 10),
	(715, 'Millewa', '12422', 10),
	(716, 'Miwanapalana', '12424', 10),
	(717, 'Molkawa', '12216', 10),
	(718, 'Morapitiya', '12232', 10),
	(719, 'Morontuduwa', '12564', 10),
	(720, 'Nawattuduwa', '12106', 10),
	(721, 'Neboda', '12030', 10),
	(722, 'Padagoda', '12074', 10),
	(723, 'Pahalahewessa', '12144', 10),
	(724, 'Paiyagala', '12050', 10),
	(725, 'Panadura', '12500', 10),
	(726, 'Pannala', '60160', 10),
	(727, 'Paragastota', '12414', 10),
	(728, 'Paragoda', '12302', 10),
	(729, 'Paraigama', '12122', 10),
	(730, 'Pelanda', '12214', 10),
	(731, 'Pelawatta', '12138', 10),
	(732, 'Pimbura', '70472', 10),
	(733, 'Pitagaldeniya', '71360', 10),
	(734, 'Pokunuwita', '12404', 10),
	(735, 'Poruwedanda', '12432', 10),
	(736, 'Ratmale', '81030', 10),
	(737, 'Remunagoda', '12009', 10),
	(738, 'Talgaswela', '80470', 10),
	(739, 'Tebuwana', '12025', 10),
	(740, 'Uduwara', '12322', 10),
	(741, 'Utumgama', '12127', 10),
	(742, 'Veyangalla', '12204', 10),
	(743, 'Wadduwa', '12560', 10),
	(744, 'Walagedara', '12112', 10),
	(745, 'Walallawita', '12134', 10),
	(746, 'Waskaduwa', '12580', 10),
	(747, 'Welipenna', '12108', 10),
	(748, 'Weliveriya', '11710', 10),
	(749, 'Welmilla Junction', '12534', 10),
	(750, 'Weragala', '71622', 10),
	(751, 'Yagirala', '12124', 10),
	(752, 'Yatadolawatta', '12104', 10),
	(753, 'Yatawara Junction', '12006', 10),
	(754, 'Aludeniya', '20062', 11),
	(755, 'Ambagahapelessa', '20986', 11),
	(756, 'Ambagamuwa Udabulathgama', '20678', 11),
	(757, 'Ambatenna', '20136', 11),
	(758, 'Ampitiya', '20160', 11),
	(759, 'Ankumbura', '20150', 11),
	(760, 'Atabage', '20574', 11),
	(761, 'Balana', '20308', 11),
	(762, 'Bambaragahaela', '20644', 11),
	(763, 'Batagolladeniya', '20154', 11),
	(764, 'Batugoda', '20132', 11),
	(765, 'Batumulla', '20966', 11),
	(766, 'Bawlana', '20218', 11),
	(767, 'Bopana', '20932', 11),
	(768, 'Danture', '20465', 11),
	(769, 'Dedunupitiya', '20068', 11),
	(770, 'Dekinda', '20658', 11),
	(771, 'Deltota', '20430', 11),
	(772, 'Divulankadawala', '51428', 11),
	(773, 'Dolapihilla', '20126', 11),
	(774, 'Dolosbage', '20510', 11),
	(775, 'Dunuwila', '20824', 11),
	(776, 'Etulgama', '20202', 11),
	(777, 'Galaboda', '20664', 11),
	(778, 'Galagedara', '20100', 11),
	(779, 'Galaha', '20420', 11),
	(780, 'Galhinna', '20152', 11),
	(781, 'Gampola', '20500', 11),
	(782, 'Gelioya', '20620', 11),
	(783, 'Godamunna', '20214', 11),
	(784, 'Gomagoda', '20184', 11),
	(785, 'Gonagantenna', '20712', 11),
	(786, 'Gonawalapatana', '20656', 11),
	(787, 'Gunnepana', '20270', 11),
	(788, 'Gurudeniya', '20189', 11),
	(789, 'Hakmana', '81300', 11),
	(790, 'Handaganawa', '20984', 11),
	(791, 'Handawalapitiya', '20438', 11),
	(792, 'Handessa', '20480', 11),
	(793, 'Hanguranketha', '20710', 11),
	(794, 'Harangalagama', '20669', 11),
	(795, 'Hataraliyadda', '20060', 11),
	(796, 'Hindagala', '20414', 11),
	(797, 'Hondiyadeniya', '20524', 11),
	(798, 'Hunnasgiriya', '20948', 11),
	(799, 'Inguruwatta', '60064', 11),
	(800, 'Jambugahapitiya', '20822', 11),
	(801, 'Kadugannawa', '20300', 11),
	(802, 'Kahataliyadda', '20924', 11),
	(803, 'Kalugala', '20926', 11),
	(804, 'Kandy', '20000', 11),
	(805, 'Kapuliyadde', '20206', 11),
	(806, 'Katugastota', '20800', 11),
	(807, 'Katukitula', '20588', 11),
	(808, 'Kelanigama', '20688', 11),
	(809, 'Kengalla', '20186', 11),
	(810, 'Ketaboola', '20660', 11),
	(811, 'Ketakumbura', '20306', 11),
	(812, 'Kobonila', '20928', 11),
	(813, 'Kolabissa', '20212', 11),
	(814, 'Kolongoda', '20971', 11),
	(815, 'Kulugammana', '20048', 11),
	(816, 'Kumbukkandura', '20902', 11),
	(817, 'Kumburegama', '20086', 11),
	(818, 'Kundasale', '20168', 11),
	(819, 'Leemagahakotuwa', '20482', 11),
	(820, 'Ihala Kobbekaduwa', '20042', 11),
	(821, 'Lunugama', '11062', 11),
	(822, 'Lunuketiya Maditta', '20172', 11),
	(823, 'Madawala Bazaar', '20260', 11),
	(824, 'Madawalalanda', '32016', 11),
	(825, 'Madugalla', '20938', 11),
	(826, 'Madulkele', '20840', 11),
	(827, 'Mahadoraliyadda', '20945', 11),
	(828, 'Mahamedagama', '20216', 11),
	(829, 'Mahanagapura', '32018', 11),
	(830, 'Mailapitiya', '20702', 11),
	(831, 'Makkanigama', '20828', 11),
	(832, 'Makuldeniya', '20921', 11),
	(833, 'Mangalagama', '32069', 11),
	(834, 'Mapakanda', '20662', 11),
	(835, 'Marassana', '20210', 11),
	(836, 'Marymount Colony', '20714', 11),
	(837, 'Mawatura', '20564', 11),
	(838, 'Medamahanuwara', '20940', 11),
	(839, 'Medawala Harispattuwa', '20120', 11),
	(840, 'Meetalawa', '20512', 11),
	(841, 'Megoda Kalugamuwa', '20409', 11),
	(842, 'Menikdiwela', '20470', 11),
	(843, 'Menikhinna', '20170', 11),
	(844, 'Mimure', '20923', 11),
	(845, 'Minigamuwa', '20109', 11),
	(846, 'Minipe', '20983', 11),
	(847, 'Moragahapallama', '32012', 11),
	(848, 'Murutalawa', '20232', 11),
	(849, 'Muruthagahamulla', '20526', 11),
	(850, 'Nanuoya', '22150', 11),
	(851, 'Naranpanawa', '20176', 11),
	(852, 'Narawelpita', '81302', 11),
	(853, 'Nawalapitiya', '20650', 11),
	(854, 'Nawathispane', '20670', 11),
	(855, 'Nillambe', '20418', 11),
	(856, 'Nugaliyadda', '20204', 11),
	(857, 'Ovilikanda', '21020', 11),
	(858, 'Pallekotuwa', '20084', 11),
	(859, 'Panwilatenna', '20544', 11),
	(860, 'Paradeka', '20578', 11),
	(861, 'Pasbage', '20654', 11),
	(862, 'Pattitalawa', '20511', 11),
	(863, 'Peradeniya', '20400', 11),
	(864, 'Pilimatalawa', '20450', 11),
	(865, 'Poholiyadda', '20106', 11),
	(866, 'Pubbiliya', '21502', 11),
	(867, 'Pupuressa', '20546', 11),
	(868, 'Pussellawa', '20580', 11),
	(869, 'Putuhapuwa', '20906', 11),
	(870, 'Rajawella', '20180', 11),
	(871, 'Rambukpitiya', '20676', 11),
	(872, 'Rambukwella', '20128', 11),
	(873, 'Rangala', '20922', 11),
	(874, 'Rantembe', '20990', 11),
	(875, 'Sangarajapura', '20044', 11),
	(876, 'Senarathwela', '20904', 11),
	(877, 'Talatuoya', '20200', 11),
	(878, 'Teldeniya', '20900', 11),
	(879, 'Tennekumbura', '20166', 11),
	(880, 'Uda Peradeniya', '20404', 11),
	(881, 'Udahentenna', '20506', 11),
	(882, 'Udatalawinna', '20802', 11),
	(883, 'Udispattuwa', '20916', 11),
	(884, 'Ududumbara', '20950', 11),
	(885, 'Uduwahinna', '20934', 11),
	(886, 'Uduwela', '20164', 11),
	(887, 'Ulapane', '20562', 11),
	(888, 'Unuwinna', '20708', 11),
	(889, 'Velamboda', '20640', 11),
	(890, 'Watagoda', '22110', 11),
	(891, 'Watagoda Harispattuwa', '20134', 11),
	(892, 'Wattappola', '20454', 11),
	(893, 'Weligampola', '20666', 11),
	(894, 'Wendaruwa', '20914', 11),
	(895, 'Weragantota', '20982', 11),
	(896, 'Werapitya', '20908', 11),
	(897, 'Werellagama', '20080', 11),
	(898, 'Wettawa', '20108', 11),
	(899, 'Yahalatenna', '20234', 11),
	(900, 'Yatihalagala', '20034', 11),
	(901, 'Alawala', '11122', 12),
	(902, 'Alawatura', '71204', 12),
	(903, 'Alawwa', '60280', 12),
	(904, 'Algama', '71607', 12),
	(905, 'Alutnuwara', '71508', 12),
	(906, 'Ambalakanda', '71546', 12),
	(907, 'Ambulugala', '71503', 12),
	(908, 'Amitirigala', '71320', 12),
	(909, 'Ampagala', '71232', 12),
	(910, 'Anhandiya', '60074', 12),
	(911, 'Anhettigama', '71403', 12),
	(912, 'Aranayaka', '71540', 12),
	(913, 'Aruggammana', '71041', 12),
	(914, 'Batuwita', '71321', 12),
	(915, 'Beligala(Sab)', '71044', 12),
	(916, 'Belihuloya', '70140', 12),
	(917, 'Berannawa', '71706', 12),
	(918, 'Bopitiya', '60155', 12),
	(919, 'Bopitiya (SAB)', '71612', 12),
	(920, 'Boralankada', '71418', 12),
	(921, 'Bossella', '71208', 12),
	(922, 'Bulathkohupitiya', '71230', 12),
	(923, 'Damunupola', '71034', 12),
	(924, 'Debathgama', '71037', 12),
	(925, 'Dedugala', '71237', 12),
	(926, 'Deewala Pallegama', '71022', 12),
	(927, 'Dehiowita', '71400', 12),
	(928, 'Deldeniya', '71009', 12),
	(929, 'Deloluwa', '71401', 12),
	(930, 'Deraniyagala', '71430', 12),
	(931, 'Dewalegama', '71050', 12),
	(932, 'Dewanagala', '71527', 12),
	(933, 'Dombemada', '71115', 12),
	(934, 'Dorawaka', '71601', 12),
	(935, 'Dunumala', '71605', 12),
	(936, 'Galapitamada', '71603', 12),
	(937, 'Galatara', '71505', 12),
	(938, 'Galigamuwa Town', '71350', 12),
	(939, 'Gallella', '70062', 12),
	(940, 'Galpatha(Sab)', '71312', 12),
	(941, 'Gantuna', '71222', 12),
	(942, 'Getahetta', '70620', 12),
	(943, 'Godagampola', '70556', 12),
	(944, 'Gonagala', '71318', 12),
	(945, 'Hakahinna', '71352', 12),
	(946, 'Hakbellawaka', '71715', 12),
	(947, 'Halloluwa', '20032', 12),
	(948, 'Hedunuwewa', '22024', 12),
	(949, 'Hemmatagama', '71530', 12),
	(950, 'Hewadiwela', '71108', 12),
	(951, 'Hingula', '71520', 12),
	(952, 'Hinguralakanda', '71417', 12),
	(953, 'Hingurana', '32010', 12),
	(954, 'Hiriwadunna', '71014', 12),
	(955, 'Ihala Walpola', '80134', 12),
	(956, 'Ihalagama', '70144', 12),
	(957, 'Imbulana', '71313', 12),
	(958, 'Imbulgasdeniya', '71055', 12),
	(959, 'Kabagamuwa', '71202', 12),
	(960, 'Kahapathwala', '60062', 12),
	(961, 'Kandaketya', '90020', 12),
	(962, 'Kannattota', '71372', 12),
	(963, 'Karagahinna', '21014', 12),
	(964, 'Kegalle', '71000', 12),
	(965, 'Kehelpannala', '71533', 12),
	(966, 'Ketawala Leula', '20198', 12),
	(967, 'Kitulgala', '71720', 12),
	(968, 'Kondeniya', '71501', 12),
	(969, 'Kotiyakumbura', '71370', 12),
	(970, 'Lewangama', '71315', 12),
	(971, 'Mahabage', '71722', 12),
	(972, 'Makehelwala', '71507', 12),
	(973, 'Malalpola', '71704', 12),
	(974, 'Maldeniya', '22021', 12),
	(975, 'Maliboda', '71411', 12),
	(976, 'Maliyadda', '90022', 12),
	(977, 'Malmaduwa', '71325', 12),
	(978, 'Marapana', '70041', 12),
	(979, 'Mawanella', '71500', 12),
	(980, 'Meetanwala', '60066', 12),
	(981, 'Migastenna Sabara', '71716', 12),
	(982, 'Miyanawita', '71432', 12),
	(983, 'Molagoda', '71016', 12),
	(984, 'Morontota', '71220', 12),
	(985, 'Narangala', '90064', 12),
	(986, 'Narangoda', '60152', 12),
	(987, 'Nattarampotha', '20194', 12),
	(988, 'Nelundeniya', '71060', 12),
	(989, 'Niyadurupola', '71602', 12),
	(990, 'Noori', '71407', 12),
	(991, 'Pannila', '12114', 12),
	(992, 'Pattampitiya', '71130', 12),
	(993, 'Pilawala', '20196', 12),
	(994, 'Pothukoladeniya', '71039', 12),
	(995, 'Puswelitenna', '60072', 12),
	(996, 'Rambukkana', '71100', 12),
	(997, 'Rilpola', '90026', 12),
	(998, 'Rukmale', '11129', 12),
	(999, 'Ruwanwella', '71300', 12),
	(1000, 'Samanalawewa', '70142', 12),
	(1001, 'Seaforth Colony', '71708', 12),
	(1002, 'Colombo 2', '00200', 5),
	(1003, 'Spring Valley', '90028', 12),
	(1004, 'Talgaspitiya', '71541', 12),
	(1005, 'Teligama', '71724', 12),
	(1006, 'Tholangamuwa', '71619', 12),
	(1007, 'Thotawella', '71106', 12),
	(1008, 'Udaha Hawupe', '70154', 12),
	(1009, 'Udapotha', '71236', 12),
	(1010, 'Uduwa', '20052', 12),
	(1011, 'Undugoda', '71200', 12),
	(1012, 'Ussapitiya', '71510', 12),
	(1013, 'Wahakula', '71303', 12),
	(1014, 'Waharaka', '71304', 12),
	(1015, 'Wanaluwewa', '11068', 12),
	(1016, 'Warakapola', '71600', 12),
	(1017, 'Watura', '71035', 12),
	(1018, 'Weeoya', '71702', 12),
	(1019, 'Wegalla', '71234', 12),
	(1020, 'Weligalla', '20610', 12),
	(1021, 'Welihelatenna', '71712', 12),
	(1022, 'Wewelwatta', '70066', 12),
	(1023, 'Yatagama', '71116', 12),
	(1024, 'Yatapana', '71326', 12),
	(1025, 'Yatiyantota', '71700', 12),
	(1026, 'Yattogoda', '71029', 12),
	(1027, 'Kandavalai', '42508', 13),
	(1028, 'Karachchi', NULL, 13),
	(1029, 'Kilinochchi', '42400', 13),
	(1030, 'Pachchilaipalli', '42550', 13),
	(1031, 'Poonakary', '42600', 13),
	(1032, 'Akurana', '20850', 11),
	(1033, 'Alahengama', '60416', 14),
	(1034, 'Alahitiyawa', '60182', 14),
	(1035, 'Ambakote', '60036', 14),
	(1036, 'Ambanpola', '60650', 14),
	(1037, 'Andiyagala', '50112', 14),
	(1038, 'Anukkane', '60214', 14),
	(1039, 'Aragoda', '60308', 14),
	(1040, 'Ataragalla', '60706', 14),
	(1041, 'Awulegama', '60462', 14),
	(1042, 'Balalla', '60604', 14),
	(1043, 'Bamunukotuwa', '60347', 14),
	(1044, 'Bandara Koswatta', '60424', 14),
	(1045, 'Bingiriya', '60450', 14),
	(1046, 'Bogamulla', '60107', 14),
	(1047, 'Boraluwewa', '60437', 14),
	(1048, 'Boyagane', '60027', 14),
	(1049, 'Bujjomuwa', '60291', 14),
	(1050, 'Buluwala', '60076', 14),
	(1051, 'Dadayamtalawa', '32046', 14),
	(1052, 'Dambadeniya', '60130', 14),
	(1053, 'Daraluwa', '60174', 14),
	(1054, 'Deegalla', '60228', 14),
	(1055, 'Demataluwa', '60024', 14),
	(1056, 'Demuwatha', '70332', 14),
	(1057, 'Diddeniya', '60544', 14),
	(1058, 'Digannewa', '60485', 14),
	(1059, 'Divullegoda', '60472', 14),
	(1060, 'Diyasenpura', '51504', 14),
	(1061, 'Dodangaslanda', '60530', 14),
	(1062, 'Doluwa', '20532', 14),
	(1063, 'Doragamuwa', '20816', 14),
	(1064, 'Doratiyawa', '60013', 14),
	(1065, 'Dunumadalawa', '50214', 14),
	(1066, 'Dunuwilapitiya', '21538', 14),
	(1067, 'Ehetuwewa', '60716', 14),
	(1068, 'Elibichchiya', '60156', 14),
	(1069, 'Embogama', '60718', 14),
	(1070, 'Etungahakotuwa', '60266', 14),
	(1071, 'Galadivulwewa', '50210', 14),
	(1072, 'Galgamuwa', '60700', 14),
	(1073, 'Gallellagama', '20095', 14),
	(1074, 'Gallewa', '60712', 14),
	(1075, 'Ganegoda', '80440', 14),
	(1076, 'Girathalana', '60752', 14),
	(1077, 'Gokaralla', '60522', 14),
	(1078, 'Gonawila', '60170', 14),
	(1079, 'Halmillawewa', '60441', 14),
	(1080, 'Handungamuwa', '21536', 14),
	(1081, 'Harankahawa', '20092', 14),
	(1082, 'Helamada', '71046', 14),
	(1083, 'Hengamuwa', '60414', 14),
	(1084, 'Hettipola', '60430', 14),
	(1085, 'Hewainna', '10714', 14),
	(1086, 'Hilogama', '60486', 14),
	(1087, 'Hindagolla', '60034', 14),
	(1088, 'Hiriyala Lenawa', '60546', 14),
	(1089, 'Hiruwalpola', '60458', 14),
	(1090, 'Horambawa', '60181', 14),
	(1091, 'Hulogedara', '60474', 14),
	(1092, 'Hulugalla', '60477', 14),
	(1093, 'Ihala Gomugomuwa', '60211', 14),
	(1094, 'Ihala Katugampala', '60135', 14),
	(1095, 'Indulgodakanda', '60016', 14),
	(1096, 'Ithanawatta', '60025', 14),
	(1097, 'Kadigawa', '60492', 14),
	(1098, 'Kalankuttiya', '50174', 14),
	(1099, 'Kalatuwawa', '10718', 14),
	(1100, 'Kalugamuwa', '60096', 14),
	(1101, 'Kanadeniyawala', '60054', 14),
	(1102, 'Kanattewewa', '60422', 14),
	(1103, 'Kandegedara', '90070', 14),
	(1104, 'Karagahagedara', '60106', 14),
	(1105, 'Karambe', '60602', 14),
	(1106, 'Katiyawa', '50261', 14),
	(1107, 'Katupota', '60350', 14),
	(1108, 'Kawudulla', '51414', 14),
	(1109, 'Kawuduluwewa Stagell', '51514', 14),
	(1110, 'Kekunagolla', '60183', 14),
	(1111, 'Keppitiwalana', '60288', 14),
	(1112, 'Kimbulwanaoya', '60548', 14),
	(1113, 'Kirimetiyawa', '60184', 14),
	(1114, 'Kirindawa', '60212', 14),
	(1115, 'Kirindigalla', '60502', 14),
	(1116, 'Kithalawa', '60188', 14),
	(1117, 'Kitulwala', '11242', 14),
	(1118, 'Kobeigane', '60410', 14),
	(1119, 'Kohilagedara', '60028', 14),
	(1120, 'Konwewa', '60630', 14),
	(1121, 'Kosdeniya', '60356', 14),
	(1122, 'Kosgolla', '60029', 14),
	(1123, 'Kotagala', '22080', 14),
	(1124, 'Colombo 13', '01300', 5),
	(1125, 'Kotawehera', '60483', 14),
	(1126, 'Kudagalgamuwa', '60003', 14),
	(1127, 'Kudakatnoruwa', '60754', 14),
	(1128, 'Kuliyapitiya', '60200', 14),
	(1129, 'Kumaragama', '51412', 14),
	(1130, 'Kumbukgeta', '60508', 14),
	(1131, 'Kumbukwewa', '60506', 14),
	(1132, 'Kuratihena', '60438', 14),
	(1133, 'Kurunegala', '60000', 14),
	(1134, 'Ibbagamuwa', '60500', 14),
	(1135, 'Ihala Kadigamuwa', '60238', 14),
	(1136, 'Lihiriyagama', '61138', 14),
	(1137, 'Illagolla', '20724', 14),
	(1138, 'Ilukhena', '60232', 14),
	(1139, 'Lonahettiya', '60108', 14),
	(1140, 'Madahapola', '60552', 14),
	(1141, 'Madakumburumulla', '60209', 14),
	(1142, 'Madalagama', '70158', 14),
	(1143, 'Madawala Ulpotha', '21074', 14),
	(1144, 'Maduragoda', '60532', 14),
	(1145, 'Maeliya', '60512', 14),
	(1146, 'Magulagama', '60221', 14),
	(1147, 'Maha Ambagaswewa', '51518', 14),
	(1148, 'Mahagalkadawala', '60731', 14),
	(1149, 'Mahagirilla', '60479', 14),
	(1150, 'Mahamukalanyaya', '60516', 14),
	(1151, 'Mahananneriya', '60724', 14),
	(1152, 'Mahapallegama', '71063', 14),
	(1153, 'Maharachchimulla', '60286', 14),
	(1154, 'Mahatalakolawewa', '51506', 14),
	(1155, 'Mahawewa', '61220', 14),
	(1156, 'Maho', '60600', 14),
	(1157, 'Makulewa', '60714', 14),
	(1158, 'Makulpotha', '60514', 14),
	(1159, 'Makulwewa', '60578', 14),
	(1160, 'Malagane', '60404', 14),
	(1161, 'Mandapola', '60434', 14),
	(1162, 'Maspotha', '60344', 14),
	(1163, 'Mawathagama', '60060', 14),
	(1164, 'Medirigiriya', '51500', 14),
	(1165, 'Medivawa', '60612', 14),
	(1166, 'Meegalawa', '60750', 14),
	(1167, 'Meegaswewa', '51508', 14),
	(1168, 'Meewellawa', '60484', 14),
	(1169, 'Melsiripura', '60540', 14),
	(1170, 'Metikumbura', '60304', 14),
	(1171, 'Metiyagane', '60121', 14),
	(1172, 'Minhettiya', '60004', 14),
	(1173, 'Minuwangete', '60406', 14),
	(1174, 'Mirihanagama', '60408', 14),
	(1175, 'Monnekulama', '60495', 14),
	(1176, 'Moragane', '60354', 14),
	(1177, 'Moragollagama', '60640', 14),
	(1178, 'Morathiha', '60038', 14),
	(1179, 'Munamaldeniya', '60218', 14),
	(1180, 'Muruthenge', '60122', 14),
	(1181, 'Mutugala', '51064', 14),
	(1182, 'Nabadewa', '60482', 14),
	(1183, 'Nagollagama', '60590', 14),
	(1184, 'Nagollagoda', '60226', 14),
	(1185, 'Nakkawatta', '60186', 14),
	(1186, 'Narammala', '60100', 14),
	(1187, 'Nawasenapura', '51066', 14),
	(1188, 'Nawatalwatta', '60292', 14),
	(1189, 'Nelliya', '60549', 14),
	(1190, 'Nikaweratiya', '60470', 14),
	(1191, 'Nugagolla', '21534', 14),
	(1192, 'Nugawela', '20072', 14),
	(1193, 'Padeniya', '60461', 14),
	(1194, 'Padiwela', '60236', 14),
	(1195, 'Pahalagiribawa', '60735', 14),
	(1196, 'Pahamune', '60112', 14),
	(1197, 'Palagala', '50111', 14),
	(1198, 'Palapathwela', '21070', 14),
	(1199, 'Palaviya', '61280', 14),
	(1200, 'Pallewela', '11150', 14),
	(1201, 'Palukadawala', '60704', 14),
	(1202, 'Panadaragama', '60348', 14),
	(1203, 'Panagamuwa', '60052', 14),
	(1204, 'Panaliya', '60312', 14),
	(1205, 'Panapitiya', '70152', 14),
	(1206, 'Panliyadda', '60558', 14),
	(1207, 'Pansiyagama', '60554', 14),
	(1208, 'Parape', '71105', 14),
	(1209, 'Pathanewatta', '90071', 14),
	(1210, 'Pattiya Watta', '20118', 14),
	(1211, 'Perakanatta', '21532', 14),
	(1212, 'Periyakadneluwa', '60518', 14),
	(1213, 'Pihimbiya Ratmale', '60439', 14),
	(1214, 'Pihimbuwa', '60053', 14),
	(1215, 'Pilessa', '60058', 14),
	(1216, 'Polgahawela', '60300', 14),
	(1217, 'Polgolla', '20250', 14),
	(1218, 'Polpithigama', '60620', 14),
	(1219, 'Pothuhera', '60330', 14),
	(1220, 'Pothupitiya', '70338', 14),
	(1221, 'Pujapitiya', '20112', 14),
	(1222, 'Rakwana', '70300', 14),
	(1223, 'Ranorawa', '50212', 14),
	(1224, 'Rathukohodigala', '20818', 14),
	(1225, 'Ridibendiella', '60606', 14),
	(1226, 'Ridigama', '60040', 14),
	(1227, 'Saliya Asokapura', '60736', 14),
	(1228, 'Sandalankawa', '60176', 14),
	(1229, 'Sevanapitiya', '51062', 14),
	(1230, 'Sirambiadiya', '61312', 14),
	(1231, 'Sirisetagama', '60478', 14),
	(1232, 'Siyambalangamuwa', '60646', 14),
	(1233, 'Siyambalawewa', '32048', 14),
	(1234, 'Solepura', '60737', 14),
	(1235, 'Solewewa', '60738', 14),
	(1236, 'Sunandapura', '60436', 14),
	(1237, 'Talawattegedara', '60306', 14),
	(1238, 'Tambutta', '60734', 14),
	(1239, 'Tennepanguwa', '90072', 14),
	(1240, 'Thalahitimulla', '60208', 14),
	(1241, 'Thalakolawewa', '60624', 14),
	(1242, 'Thalwita', '60572', 14),
	(1243, 'Tharana Udawela', '60227', 14),
	(1244, 'Thimbiriyawa', '60476', 14),
	(1245, 'Tisogama', '60453', 14),
	(1246, 'Thorayaya', '60499', 14),
	(1247, 'Tulhiriya', '71610', 14),
	(1248, 'Tuntota', '71062', 14),
	(1249, 'Tuttiripitigama', '60426', 14),
	(1250, 'Udagaldeniya', '71113', 14),
	(1251, 'Udahingulwala', '20094', 14),
	(1252, 'Udawatta', '20722', 14),
	(1253, 'Udubaddawa', '60250', 14),
	(1254, 'Udumulla', '71521', 14),
	(1255, 'Uhumiya', '60094', 14),
	(1256, 'Ulpotha Pallekele', '60622', 14),
	(1257, 'Ulpothagama', '20965', 14),
	(1258, 'Usgala Siyabmalangamuwa', '60732', 14),
	(1259, 'Vijithapura', '50110', 14),
	(1260, 'Wadakada', '60318', 14),
	(1261, 'Wadumunnegedara', '60204', 14),
	(1262, 'Walakumburumulla', '60198', 14),
	(1263, 'Wannigama', '60465', 14),
	(1264, 'Wannikudawewa', '60721', 14),
	(1265, 'Wannilhalagama', '60722', 14),
	(1266, 'Wannirasnayakapura', '60490', 14),
	(1267, 'Warawewa', '60739', 14),
	(1268, 'Wariyapola', '60400', 14),
	(1269, 'Watareka', '10511', 14),
	(1270, 'Wattegama', '20810', 14),
	(1271, 'Watuwatta', '60262', 14),
	(1272, 'Weerapokuna', '60454', 14),
	(1273, 'Welawa Juncton', '60464', 14),
	(1274, 'Welipennagahamulla', '60240', 14),
	(1275, 'Wellagala', '60402', 14),
	(1276, 'Wellarawa', '60456', 14),
	(1277, 'Wellawa', '60570', 14),
	(1278, 'Welpalla', '60206', 14),
	(1279, 'Wennoruwa', '60284', 14),
	(1280, 'Weuda', '60080', 14),
	(1281, 'Wewagama', '60195', 14),
	(1282, 'Wilgamuwa', '21530', 14),
	(1283, 'Yakwila', '60202', 14),
	(1284, 'Yatigaloluwa', '60314', 14),
	(1285, 'Mannar', '41000', 15),
	(1286, 'Puthukudiyiruppu', '30158', 15),
	(1287, 'Akuramboda', '21142', 16),
	(1288, 'Alawatuwala', '60047', 16),
	(1289, 'Alwatta', '21004', 16),
	(1290, 'Ambana', '21504', 16),
	(1291, 'Aralaganwila', '51100', 16),
	(1292, 'Ataragallewa', '21512', 16),
	(1293, 'Bambaragaswewa', '21212', 16),
	(1294, 'Barawardhana Oya', '20967', 16),
	(1295, 'Beligamuwa', '21214', 16),
	(1296, 'Damana', '32014', 16),
	(1297, 'Dambulla', '21100', 16),
	(1298, 'Damminna', '51106', 16),
	(1299, 'Dankanda', '21032', 16),
	(1300, 'Delwite', '60044', 16),
	(1301, 'Devagiriya', '21552', 16),
	(1302, 'Dewahuwa', '21206', 16),
	(1303, 'Divuldamana', '51104', 16),
	(1304, 'Dullewa', '21054', 16),
	(1305, 'Dunkolawatta', '21046', 16),
	(1306, 'Elkaduwa', '21012', 16),
	(1307, 'Erawula Junction', '21108', 16),
	(1308, 'Etanawala', '21402', 16),
	(1309, 'Galewela', '21200', 16),
	(1310, 'Galoya Junction', '51375', 16),
	(1311, 'Gammaduwa', '21068', 16),
	(1312, 'Gangala Puwakpitiya', '21404', 16),
	(1313, 'Hasalaka', '20960', 16),
	(1314, 'Hattota Amuna', '21514', 16),
	(1315, 'Imbulgolla', '21064', 16),
	(1316, 'Inamaluwa', '21124', 16),
	(1317, 'Iriyagolla', '60045', 16),
	(1318, 'Kaikawala', '21066', 16),
	(1319, 'Kalundawa', '21112', 16),
	(1320, 'Kandalama', '21106', 16),
	(1321, 'Kavudupelella', '21072', 16),
	(1322, 'Kibissa', '21122', 16),
	(1323, 'Kiwula', '21042', 16),
	(1324, 'Kongahawela', '21500', 16),
	(1325, 'Laggala Pallegama', '21520', 16),
	(1326, 'Leliambe', '21008', 16),
	(1327, 'Lenadora', '21094', 16),
	(1328, 'Ihala Halmillewa', '50262', 16),
	(1329, 'Illukkumbura', '21406', 16),
	(1330, 'Madipola', '51108', 16),
	(1332, 'Mahawela', '21140', 16),
	(1333, 'Mananwatta', '21144', 16),
	(1334, 'Maraka', '21554', 16),
	(1335, 'Matale', '21000', 16),
	(1336, 'Melipitiya', '21055', 16),
	(1337, 'Metihakka', '21062', 16),
	(1338, 'Millawana', '21154', 16),
	(1339, 'Muwandeniya', '21044', 16),
	(1340, 'Nalanda', '21082', 16),
	(1341, 'Naula', '21090', 16),
	(1342, 'Opalgala', '21076', 16),
	(1343, 'Pallepola', '21152', 16),
	(1344, 'Pimburattewa', '51102', 16),
	(1345, 'Pulastigama', '51050', 16),
	(1346, 'Ranamuregama', '21524', 16),
	(1347, 'Rattota', '21400', 16),
	(1348, 'Selagama', '21058', 16),
	(1349, 'Sigiriya', '21120', 16),
	(1350, 'Sinhagama', '51378', 16),
	(1351, 'Sungavila', '51052', 16),
	(1352, 'Talagoda Junction', '21506', 16),
	(1353, 'Talakiriyagama', '21116', 16),
	(1354, 'Tamankaduwa', '51089', 16),
	(1355, 'Udasgiriya', '21051', 16),
	(1356, 'Udatenna', '21006', 16),
	(1357, 'Ukuwela', '21300', 16),
	(1358, 'Wahacotte', '21160', 16),
	(1359, 'Walawela', '21048', 16),
	(1360, 'Wehigala', '21009', 16),
	(1361, 'Welangahawatte', '21408', 16),
	(1362, 'Wewalawewa', '21114', 16),
	(1363, 'Yatawatta', '21056', 16),
	(1364, 'Akuressa', '81400', 17),
	(1365, 'Alapaladeniya', '81475', 17),
	(1366, 'Aparekka', '81032', 17),
	(1367, 'Athuraliya', '81402', 17),
	(1368, 'Bengamuwa', '81614', 17),
	(1369, 'Bopagoda', '81412', 17),
	(1370, 'Dampahala', '81612', 17),
	(1371, 'Deegala Lenama', '81452', 17),
	(1372, 'Deiyandara', '81320', 17),
	(1373, 'Denagama', '81314', 17),
	(1374, 'Denipitiya', '81730', 17),
	(1375, 'Deniyaya', '81500', 17),
	(1376, 'Derangala', '81454', 17),
	(1377, 'Devinuwara (Dondra)', '81160', 17),
	(1378, 'Dikwella', '81200', 17),
	(1379, 'Diyagaha', '81038', 17),
	(1380, 'Diyalape', '81422', 17),
	(1381, 'Gandara', '81170', 17),
	(1382, 'Godapitiya', '81408', 17),
	(1383, 'Gomilamawarala', '81072', 17),
	(1384, 'Hawpe', '80132', 17),
	(1385, 'Horapawita', '81108', 17),
	(1386, 'Kalubowitiyana', '81478', 17),
	(1387, 'Kamburugamuwa', '81750', 17),
	(1388, 'Kamburupitiya', '81100', 17),
	(1389, 'Karagoda Uyangoda', '81082', 17),
	(1390, 'Karaputugala', '81106', 17),
	(1391, 'Karatota', '81318', 17),
	(1392, 'Kekanadura', '81020', 17),
	(1393, 'Kiriweldola', '81514', 17),
	(1394, 'Kiriwelkele', '81456', 17),
	(1395, 'Kolawenigama', '81522', 17),
	(1396, 'Kotapola', '81480', 17),
	(1397, 'Lankagama', '81526', 17),
	(1398, 'Makandura', '81070', 17),
	(1399, 'Maliduwa', '81424', 17),
	(1400, 'Maramba', '81416', 17),
	(1401, 'Matara', '81000', 17),
	(1402, 'Mediripitiya', '81524', 17),
	(1403, 'Miella', '81312', 17),
	(1404, 'Mirissa', '81740', 17),
	(1405, 'Morawaka', '81470', 17),
	(1406, 'Mulatiyana Junction', '81071', 17),
	(1407, 'Nadugala', '81092', 17),
	(1408, 'Naimana', '81017', 17),
	(1409, 'Palatuwa', '81050', 17),
	(1410, 'Parapamulla', '81322', 17),
	(1411, 'Pasgoda', '81615', 17),
	(1412, 'Penetiyana', '81722', 17),
	(1413, 'Pitabeddara', '81450', 17),
	(1414, 'Puhulwella', '81290', 17),
	(1415, 'Radawela', '81316', 17),
	(1416, 'Ransegoda', '81064', 17),
	(1417, 'Rotumba', '81074', 17),
	(1418, 'Sultanagoda', '81051', 17),
	(1419, 'Telijjawila', '81060', 17),
	(1420, 'Thihagoda', '81280', 17),
	(1421, 'Urubokka', '81600', 17),
	(1422, 'Urugamuwa', '81230', 17),
	(1423, 'Urumutta', '81414', 17),
	(1424, 'Viharahena', '81508', 17),
	(1425, 'Walakanda', '81294', 17),
	(1426, 'Walasgala', '81220', 17),
	(1427, 'Waralla', '81479', 17),
	(1428, 'Weligama', '81700', 17),
	(1429, 'Wilpita', '81404', 17),
	(1430, 'Yatiyana', '81034', 17),
	(1431, 'Ayiwela', '91516', 18),
	(1432, 'Badalkumbura', '91070', 18),
	(1433, 'Baduluwela', '91058', 18),
	(1434, 'Bakinigahawela', '91554', 18),
	(1435, 'Balaharuwa', '91295', 18),
	(1436, 'Bibile', '91500', 18),
	(1437, 'Buddama', '91038', 18),
	(1438, 'Buttala', '91100', 18),
	(1439, 'Dambagalla', '91050', 18),
	(1440, 'Diyakobala', '91514', 18),
	(1441, 'Dombagahawela', '91010', 18),
	(1442, 'Ethimalewewa', '91020', 18),
	(1443, 'Ettiliwewa', '91250', 18),
	(1444, 'Galabedda', '91008', 18),
	(1445, 'Gamewela', '90512', 18),
	(1446, 'Hambegamuwa', '91308', 18),
	(1447, 'Hingurukaduwa', '90508', 18),
	(1448, 'Hulandawa', '91004', 18),
	(1449, 'Inginiyagala', '91040', 18),
	(1450, 'Kandaudapanguwa', '91032', 18),
	(1451, 'Kandawinna', '91552', 18),
	(1452, 'Kataragama', '91400', 18),
	(1453, 'Kotagama', '91512', 18),
	(1454, 'Kotamuduna', '90506', 18),
	(1455, 'Kotawehera Mankada', '91312', 18),
	(1456, 'Kudawewa', '61226', 18),
	(1457, 'Kumbukkana', '91098', 18),
	(1458, 'Marawa', '91006', 18),
	(1459, 'Mariarawa', '91052', 18),
	(1460, 'Medagana', '91550', 18),
	(1461, 'Medawelagama', '90518', 18),
	(1462, 'Miyanakandura', '90584', 18),
	(1463, 'Monaragala', '91000', 18),
	(1464, 'Moretuwegama', '91108', 18),
	(1465, 'Nakkala', '91003', 18),
	(1466, 'Namunukula', '90580', 18),
	(1467, 'Nannapurawa', '91519', 18),
	(1468, 'Nelliyadda', '91042', 18),
	(1469, 'Nilgala', '91508', 18),
	(1470, 'Obbegoda', '91007', 18),
	(1471, 'Okkampitiya', '91060', 18),
	(1472, 'Pangura', '91002', 18),
	(1473, 'Pitakumbura', '91505', 18),
	(1474, 'Randeniya', '91204', 18),
	(1475, 'Ruwalwela', '91056', 18),
	(1476, 'Sella Kataragama', '91405', 18),
	(1477, 'Siyambalagune', '91202', 18),
	(1478, 'Siyambalanduwa', '91030', 18),
	(1479, 'Suriara', '91306', 18),
	(1480, 'Thanamalwila', '91300', 18),
	(1481, 'Uva Gangodagama', '91054', 18),
	(1482, 'Uva Kudaoya', '91298', 18),
	(1483, 'Uva Pelwatta', '91112', 18),
	(1484, 'Warunagama', '91198', 18),
	(1485, 'Wedikumbura', '91005', 18),
	(1486, 'Weherayaya Handapanagala', '91206', 18),
	(1487, 'Wellawaya', '91200', 18),
	(1488, 'Wilaoya', '91022', 18),
	(1489, 'Yudaganawa', '51424', 18),
	(1490, 'Mullativu', '42000', 19),
	(1491, 'Agarapathana', '22094', 20),
	(1492, 'Ambatalawa', '20686', 20),
	(1493, 'Ambewela', '22216', 20),
	(1494, 'Bogawantalawa', '22060', 20),
	(1495, 'Bopattalawa', '22095', 20),
	(1496, 'Dagampitiya', '20684', 20),
	(1497, 'Dayagama Bazaar', '22096', 20),
	(1498, 'Dikoya', '22050', 20),
	(1499, 'Doragala', '20567', 20),
	(1500, 'Dunukedeniya', '22002', 20),
	(1501, 'Egodawela', '90013', 20),
	(1502, 'Ekiriya', '20732', 20),
	(1503, 'Elamulla', '20742', 20),
	(1504, 'Ginigathena', '20680', 20),
	(1505, 'Gonakele', '22226', 20),
	(1506, 'Haggala', '22208', 20),
	(1507, 'Halgranoya', '22240', 20),
	(1508, 'Hangarapitiya', '22044', 20),
	(1509, 'Hapugasthalawa', '20668', 20),
	(1510, 'Harasbedda', '22262', 20),
	(1511, 'Hatton', '22000', 20),
	(1512, 'Hewaheta', '20440', 20),
	(1513, 'Hitigegama', '22046', 20),
	(1514, 'Jangulla', '90063', 20),
	(1515, 'Kalaganwatta', '22282', 20),
	(1516, 'Kandapola', '22220', 20),
	(1517, 'Karandagolla', '20738', 20),
	(1518, 'Keerthi Bandarapura', '22274', 20),
	(1519, 'Kiribathkumbura', '20442', 20),
	(1520, 'Kotiyagala', '91024', 20),
	(1521, 'Kotmale', '20560', 20),
	(1522, 'Kottellena', '22040', 20),
	(1523, 'Kumbalgamuwa', '22272', 20),
	(1524, 'Kumbukwela', '22246', 20),
	(1525, 'Kurupanawela', '22252', 20),
	(1526, 'Labukele', '20592', 20),
	(1527, 'Laxapana', '22034', 20),
	(1528, 'Lindula', '22090', 20),
	(1529, 'Madulla', '22256', 20),
	(1530, 'Mandaram Nuwara', '20744', 20),
	(1531, 'Maskeliya', '22070', 20),
	(1532, 'Maswela', '20566', 20),
	(1533, 'Maturata', '20748', 20),
	(1534, 'Mipanawa', '22254', 20),
	(1535, 'Mipilimana', '22214', 20),
	(1536, 'Morahenagama', '22036', 20),
	(1537, 'Munwatta', '20752', 20),
	(1538, 'Nayapana Janapadaya', '20568', 20),
	(1539, 'Nildandahinna', '22280', 20),
	(1540, 'Nissanka Uyana', '22075', 20),
	(1541, 'Norwood', '22058', 20),
	(1542, 'Nuwara Eliya', '22200', 20),
	(1543, 'Padiyapelella', '20750', 20),
	(1544, 'Pallebowala', '20734', 20),
	(1545, 'Panvila', '20830', 20),
	(1546, 'Pitawala', '20682', 20),
	(1547, 'Pundaluoya', '22120', 20),
	(1548, 'Ramboda', '20590', 20),
	(1549, 'Rikillagaskada', '20730', 20),
	(1550, 'Rozella', '22008', 20),
	(1551, 'Rupaha', '22245', 20),
	(1552, 'Ruwaneliya', '22212', 20),
	(1553, 'Santhipura', '22202', 20),
	(1554, 'Talawakele', '22100', 20),
	(1555, 'Tawalantenna', '20838', 20),
	(1556, 'Teripeha', '22287', 20),
	(1557, 'Udamadura', '22285', 20),
	(1558, 'Udapussallawa', '22250', 20),
	(1559, 'Uva Deegalla', '90062', 20),
	(1560, 'Uva Uduwara', '90061', 20),
	(1561, 'Uvaparanagama', '90230', 20),
	(1562, 'Walapane', '22270', 20),
	(1563, 'Watawala', '22010', 20),
	(1564, 'Widulipura', '22032', 20),
	(1565, 'Wijebahukanda', '22018', 20),
	(1566, 'Attanakadawala', '51235', 21),
	(1567, 'Bakamuna', '51250', 21),
	(1568, 'Diyabeduma', '51225', 21),
	(1569, 'Elahera', '51258', 21),
	(1570, 'Giritale', '51026', 21),
	(1571, 'Hingurakdamana', '51408', 21),
	(1572, 'Hingurakgoda', '51400', 21),
	(1573, 'Jayanthipura', '51024', 21),
	(1574, 'Kalingaela', '51002', 21),
	(1575, 'Lakshauyana', '51006', 21),
	(1576, 'Mankemi', '30442', 21),
	(1577, 'Minneriya', '51410', 21),
	(1578, 'Onegama', '51004', 21),
	(1579, 'Orubendi Siyambalawa', '51256', 21),
	(1580, 'Palugasdamana', '51046', 21),
	(1581, 'Panichankemi', '30444', 21),
	(1582, 'Polonnaruwa', '51000', 21),
	(1583, 'Talpotha', '51044', 21),
	(1584, 'Tambala', '51049', 21),
	(1585, 'Unagalavehera', '51008', 21),
	(1586, 'Wijayabapura', '51042', 21),
	(1587, 'Adippala', '61012', 22),
	(1588, 'Alutgama', '12080', 22),
	(1589, 'Alutwewa', '51014', 22),
	(1590, 'Ambakandawila', '61024', 22),
	(1591, 'Anamaduwa', '61500', 22),
	(1592, 'Andigama', '61508', 22),
	(1593, 'Angunawila', '61264', 22),
	(1594, 'Attawilluwa', '61328', 22),
	(1595, 'Bangadeniya', '61238', 22),
	(1596, 'Baranankattuwa', '61262', 22),
	(1597, 'Battuluoya', '61246', 22),
	(1598, 'Bujjampola', '61136', 22),
	(1599, 'Chilaw', '61000', 22),
	(1600, 'Dalukana', '51092', 22),
	(1601, 'Dankotuwa', '61130', 22),
	(1602, 'Dewagala', '51094', 22),
	(1603, 'Dummalasuriya', '60260', 22),
	(1604, 'Dunkannawa', '61192', 22),
	(1605, 'Eluwankulama', '61308', 22),
	(1606, 'Ettale', '61343', 22),
	(1607, 'Galamuna', '51416', 22),
	(1608, 'Galmuruwa', '61233', 22),
	(1609, 'Hansayapalama', '51098', 22),
	(1610, 'Ihala Kottaramulla', '61154', 22),
	(1611, 'Ilippadeniya', '61018', 22),
	(1612, 'Inginimitiya', '61514', 22),
	(1613, 'Ismailpuram', '61302', 22),
	(1614, 'Jayasiripura', '51246', 22),
	(1615, 'Kakkapalliya', '61236', 22),
	(1616, 'Kalkudah', '30410', 22),
	(1617, 'Kalladiya', '61534', 22),
	(1618, 'Kandakuliya', '61358', 22),
	(1619, 'Karathivu', '61307', 22),
	(1620, 'Karawitagara', '61022', 22),
	(1621, 'Karuwalagaswewa', '61314', 22),
	(1622, 'Katuneriya', '61180', 22),
	(1623, 'Koswatta', '61158', 22),
	(1624, 'Kottantivu', '61252', 22),
	(1625, 'Kottapitiya', '51244', 22),
	(1626, 'Kottukachchiya', '61532', 22),
	(1627, 'Kumarakattuwa', '61032', 22),
	(1628, 'Kurinjanpitiya', '61356', 22),
	(1629, 'Kuruketiyawa', '61516', 22),
	(1630, 'Lunuwila', '61150', 22),
	(1631, 'Madampe', '61230', 22),
	(1632, 'Madurankuliya', '61270', 22),
	(1633, 'Mahakumbukkadawala', '61272', 22),
	(1634, 'Mahauswewa', '61512', 22),
	(1635, 'Mampitiya', '51090', 22),
	(1636, 'Mampuri', '61341', 22),
	(1637, 'Mangalaeliya', '61266', 22),
	(1638, 'Marawila', '61210', 22),
	(1639, 'Mudalakkuliya', '61506', 22),
	(1640, 'Mugunuwatawana', '61014', 22),
	(1641, 'Mukkutoduwawa', '61274', 22),
	(1642, 'Mundel', '61250', 22),
	(1643, 'Muttibendiwila', '61195', 22),
	(1644, 'Nainamadama', '61120', 22),
	(1645, 'Nalladarankattuwa', '61244', 22),
	(1646, 'Nattandiya', '61190', 22),
	(1647, 'Nawagattegama', '61520', 22),
	(1648, 'Nelumwewa', '51096', 22),
	(1649, 'Norachcholai', '61342', 22),
	(1650, 'Pallama', '61040', 22),
	(1651, 'Palliwasalturai', '61354', 22),
	(1652, 'Panirendawa', '61234', 22),
	(1653, 'Parakramasamudraya', '51016', 22),
	(1654, 'Pothuwatawana', '61162', 22),
	(1655, 'Puttalam', '61300', 22),
	(1656, 'Puttalam Cement Factory', '61326', 22),
	(1657, 'Rajakadaluwa', '61242', 22),
	(1658, 'Saliyawewa Junction', '61324', 22),
	(1659, 'Serukele', '61042', 22),
	(1660, 'Siyambalagashene', '61504', 22),
	(1661, 'Tabbowa', '61322', 22),
	(1662, 'Talawila Church', '61344', 22),
	(1663, 'Toduwawa', '61224', 22),
	(1664, 'Udappuwa', '61004', 22),
	(1665, 'Uridyawa', '61502', 22),
	(1666, 'Vanathawilluwa', '61306', 22),
	(1667, 'Waikkal', '61110', 22),
	(1668, 'Watugahamulla', '61198', 22),
	(1669, 'Wennappuwa', '61170', 22),
	(1670, 'Wijeyakatupotha', '61006', 22),
	(1671, 'Wilpotha', '61008', 22),
	(1672, 'Yodaela', '51422', 22),
	(1673, 'Yogiyana', '61144', 22),
	(1674, 'Akarella', '70082', 23),
	(1675, 'Amunumulla', '90204', 23),
	(1676, 'Atakalanpanna', '70294', 23),
	(1677, 'Ayagama', '70024', 23),
	(1678, 'Balangoda', '70100', 23),
	(1679, 'Batatota', '70504', 23),
	(1680, 'Beralapanathara', '81541', 23),
	(1681, 'Bogahakumbura', '90354', 23),
	(1682, 'Bolthumbe', '70131', 23),
	(1683, 'Bomluwageaina', '70344', 23),
	(1684, 'Bowalagama', '82458', 23),
	(1685, 'Bulutota', '70346', 23),
	(1686, 'Dambuluwana', '70019', 23),
	(1687, 'Daugala', '70455', 23),
	(1688, 'Dela', '70042', 23),
	(1689, 'Delwala', '70046', 23),
	(1690, 'Dodampe', '70017', 23),
	(1691, 'Doloswalakanda', '70404', 23),
	(1692, 'Dumbara Manana', '70495', 23),
	(1693, 'Eheliyagoda', '70600', 23),
	(1694, 'Ekamutugama', '70254', 23),
	(1695, 'Elapatha', '70032', 23),
	(1696, 'Ellagawa', '70492', 23),
	(1697, 'Ellaulla', '70552', 23),
	(1698, 'Ellawala', '70606', 23),
	(1699, 'Embilipitiya', '70200', 23),
	(1700, 'Eratna', '70506', 23),
	(1701, 'Erepola', '70602', 23),
	(1702, 'Gabbela', '70156', 23),
	(1703, 'Gangeyaya', '70195', 23),
	(1704, 'Gawaragiriya', '70026', 23),
	(1705, 'Gillimale', '70002', 23),
	(1706, 'Godakawela', '70160', 23),
	(1707, 'Gurubewilagama', '70136', 23),
	(1708, 'Halwinna', '70171', 23),
	(1709, 'Handagiriya', '70106', 23),
	(1710, 'Hatangala', '70105', 23),
	(1711, 'Hatarabage', '70108', 23),
	(1712, 'Hewanakumbura', '90358', 23),
	(1713, 'Hidellana', '70012', 23),
	(1714, 'Hiramadagama', '70296', 23),
	(1715, 'Horewelagoda', '82456', 23),
	(1716, 'Ittakanda', '70342', 23),
	(1717, 'Kahangama', '70016', 23),
	(1718, 'Kahawatta', '70150', 23),
	(1719, 'Kalawana', '70450', 23),
	(1720, 'Kaltota', '70122', 23),
	(1721, 'Kalubululanda', '90352', 23),
	(1722, 'Kananke Bazaar', '80136', 23),
	(1723, 'Kandepuhulpola', '90356', 23),
	(1724, 'Karandana', '70488', 23),
	(1725, 'Karangoda', '70018', 23),
	(1726, 'Kella Junction', '70352', 23),
	(1727, 'Keppetipola', '90350', 23),
	(1728, 'Kiriella', '70480', 23),
	(1729, 'Kiriibbanwewa', '70252', 23),
	(1730, 'Kolambage Ara', '70180', 23),
	(1731, 'Kolombugama', '70403', 23),
	(1732, 'Kolonna', '70350', 23),
	(1733, 'Kudawa', '70005', 23),
	(1734, 'Kuruwita', '70500', 23),
	(1735, 'Lellopitiya', '70056', 23),
	(1736, 'Imaduwa', '80130', 23),
	(1737, 'Imbulpe', '70134', 23),
	(1738, 'Mahagama Colony', '70256', 23),
	(1739, 'Mahawalatenna', '70112', 23),
	(1740, 'Makandura', '70298', 23),
	(1741, 'Malwala Junction', '70001', 23),
	(1742, 'Malwatta', '32198', 23),
	(1743, 'Matuwagalagama', '70482', 23),
	(1744, 'Medagalature', '70021', 23),
	(1745, 'Meddekanda', '70127', 23),
	(1746, 'Minipura Dumbara', '70494', 23),
	(1747, 'Mitipola', '70604', 23),
	(1748, 'Moragala Kirillapone', '81532', 23),
	(1749, 'Morahela', '70129', 23),
	(1750, 'Mulendiyawala', '70212', 23),
	(1751, 'Mulgama', '70117', 23),
	(1752, 'Nawalakanda', '70469', 23),
	(1753, 'Nawinnapinnakanda', '70165', 23),
	(1754, 'Niralagama', '70038', 23),
	(1755, 'Nivitigala', '70400', 23),
	(1756, 'Omalpe', '70215', 23),
	(1757, 'Opanayaka', '70080', 23),
	(1758, 'Padalangala', '70230', 23),
	(1759, 'Pallebedda', '70170', 23),
	(1760, 'Pallekanda', '82454', 23),
	(1761, 'Pambagolla', '70133', 23),
	(1762, 'Panamura', '70218', 23),
	(1763, 'Panapola', '70461', 23),
	(1764, 'Paragala', '81474', 23),
	(1765, 'Parakaduwa', '70550', 23),
	(1766, 'Pebotuwa', '70045', 23),
	(1767, 'Pelmadulla', '70070', 23),
	(1768, 'Pinnawala', '70130', 23),
	(1769, 'Pothdeniya', '81538', 23),
	(1770, 'Rajawaka', '70116', 23),
	(1771, 'Ranwala', '70162', 23),
	(1772, 'Rassagala', '70135', 23),
	(1773, 'Rathgama', '80260', 23),
	(1774, 'Ratna Hangamuwa', '70036', 23),
	(1775, 'Ratnapura', '70000', 23),
	(1776, 'Sewanagala', '70250', 23),
	(1777, 'Sri Palabaddala', '70004', 23),
	(1778, 'Sudagala', '70502', 23),
	(1779, 'Thalakolahinna', '70101', 23),
	(1780, 'Thanjantenna', '70118', 23),
	(1781, 'Theppanawa', '70512', 23),
	(1782, 'Thunkama', '70205', 23),
	(1783, 'Udakarawita', '70044', 23),
	(1784, 'Udaniriella', '70034', 23),
	(1785, 'Udawalawe', '70190', 23),
	(1786, 'Ullinduwawa', '70345', 23),
	(1787, 'Veddagala', '70459', 23),
	(1788, 'Vijeriya', '70348', 23),
	(1789, 'Waleboda', '70138', 23),
	(1790, 'Watapotha', '70408', 23),
	(1791, 'Waturawa', '70456', 23),
	(1792, 'Weligepola', '70104', 23),
	(1793, 'Welipathayaya', '70124', 23),
	(1794, 'Wikiliya', '70114', 23),
	(1795, 'Agbopura', '31304', 24),
	(1796, 'Buckmigama', '31028', 24),
	(1797, 'China Bay', '31050', 24),
	(1798, 'Dehiwatte', '31226', 24),
	(1799, 'Echchilampattai', '31236', 24),
	(1800, 'Galmetiyawa', '31318', 24),
	(1801, 'Gomarankadawala', '31026', 24),
	(1802, 'Kaddaiparichchan', '31212', 24),
	(1803, 'Kallar', '30250', 24),
	(1804, 'Kanniya', '31032', 24),
	(1805, 'Kantalai', '31300', 24),
	(1806, 'Kantalai Sugar Factory', '31306', 24),
	(1807, 'Kiliveddy', '31220', 24),
	(1808, 'Kinniya', '31100', 24),
	(1809, 'Kuchchaveli', '31014', 24),
	(1810, 'Kumburupiddy', '31012', 24),
	(1811, 'Kurinchakerny', '31112', 24),
	(1812, 'Lankapatuna', '31234', 24),
	(1813, 'Mahadivulwewa', '31036', 24),
	(1814, 'Maharugiramam', '31106', 24),
	(1815, 'Mallikativu', '31224', 24),
	(1816, 'Mawadichenai', '31238', 24),
	(1817, 'Mullipothana', '31312', 24),
	(1818, 'Mutur', '31200', 24),
	(1819, 'Neelapola', '31228', 24),
	(1820, 'Nilaveli', '31010', 24),
	(1821, 'Pankulam', '31034', 24),
	(1822, 'Pulmoddai', '50567', 24),
	(1823, 'Rottawewa', '31038', 24),
	(1824, 'Sampaltivu', '31006', 24),
	(1825, 'Sampoor', '31216', 24),
	(1826, 'Serunuwara', '31232', 24),
	(1827, 'Seruwila', '31260', 24),
	(1828, 'Sirajnagar', '31314', 24),
	(1829, 'Somapura', '31222', 24),
	(1830, 'Tampalakamam', '31046', 24),
	(1831, 'Thuraineelavanai', '30254', 24),
	(1832, 'Tiriyayi', '31016', 24),
	(1833, 'Toppur', '31250', 24),
	(1834, 'Trincomalee', '31000', 24),
	(1835, 'Wanela', '31308', 24),
	(1836, 'Vavuniya', '43000', 25),
	(1837, 'Colombo 1', '00100', 5),
	(1838, 'Colombo 3', '00300', 5),
	(1839, 'Colombo 4', '00400', 5),
	(1840, 'Colombo 5', '00500', 5),
	(1841, 'Colombo 7', '00700', 5),
	(1842, 'Colombo 9', '00900', 5),
	(1843, 'Colombo 10', '01000', 5),
	(1844, 'Colombo 11', '01100', 5),
	(1845, 'Colombo 12', '01200', 5),
	(1846, 'Colombo 14', '01400', 5),
	(1847, 'Colombo Secretariant', '00110', 5),
	(1848, 'Melle Street', '00276', 5),
	(1849, 'Rifel Street', '00279', 5),
	(1850, 'Gem & Jewelry', '00370', 5),
	(1851, 'Torington Square', '00376', 5),
	(1852, 'National Museum of Colombo', '00377', 5),
	(1853, 'Colombo Labour Sec', '00510', 5),
	(1854, 'Polhengoda', '00576', 5),
	(1855, 'Anderson Plats', '00577', 5),
	(1856, 'Keppetipola Mawatha', '00579', 5),
	(1857, 'Narahenpita', '00582', 5),
	(1858, 'Kirulapana', '00677', 5),
	(1859, 'University of Colombo', '00710', 5),
	(1860, 'Colombo General Hospital', '00779', 5),
	(1861, 'Gothami Road', '00876', 5),
	(1862, 'Wanathamulla', '00877', 5),
	(1863, 'Baseline Road', '00878', 5),
	(1864, 'Kopiyawatta', '00879', 5),
	(1865, 'Maligawatta', '01070', 5),
	(1866, 'Panchikawatte', '01078', 5),
	(1867, 'Sarasavipaya', '01079', 5),
	(1868, 'Maligakanda', '01081', 5),
	(1869, 'Wolfendal Street', '01178', 5),
	(1870, 'Pettah Bus Stand', '01179', 5),
	(1871, 'Colombo Kachcheri', '01181', 5),
	(1872, 'Armour Street', '01182', 5),
	(1873, 'St. Anthony\'s', '01183', 5),
	(1874, 'Miraniya Street', '01276', 5),
	(1875, 'Wasala Road', '01377', 5),
	(1876, 'Nagalagam Street', '01476', 5),
	(1877, 'Aluth Mawatha Road', '01478', 5),
	(1878, 'Mutwal South', '01479', 5),
	(1879, 'Beddagana', '10101', 5),
	(1880, 'Madiwela', '10102', 5),
	(1881, 'Sri Perakumpura', '10103', 5),
	(1882, 'Mirihana North', '10104', 5),
	(1883, 'Nawala-Koswatte', '10105', 5),
	(1884, 'Nawala', '10106', 5),
	(1885, 'Rajagiriya', '10107', 5),
	(1886, 'Parliament of Sri Lanka', '10110', 5),
	(1887, 'Obeysekarapura', '10111', 5),
	(1888, 'Kalapaluwawa', '10112', 5),
	(1889, 'Talangama North', '10113', 5),
	(1890, 'Talangama South', '10114', 5),
	(1891, 'Jayawardhenegama', '10117', 5),
	(1892, 'Isurupaya', '10130', 5),
	(1893, 'Sethsiripaya', '10140', 5),
	(1894, 'Malabe', '10155', 5),
	(1895, 'Oruwala', '10201', 5),
	(1896, 'Panagoda Army Camp', '10203', 5),
	(1897, 'Magammana-Dolekade', '10207', 5),
	(1898, 'Homagama Town', '10209', 5),
	(1899, 'Godagama Junction', '10211', 5),
	(1900, 'Panagoda', '10213', 5),
	(1901, 'Galawilawaththa', '10217', 5),
	(1902, 'Kottawa', '10220', 5),
	(1903, 'Pelenwatta', '10231', 5),
	(1904, 'Arawwala West', '10233', 5),
	(1905, 'Kottawa North', '10235', 5),
	(1906, 'Rukmale-Pannipitiya', '10237', 5),
	(1907, 'Malapalla', '10239', 5),
	(1908, 'Mattegoda', '10240', 5),
	(1909, 'Mirihana', '10251', 5),
	(1910, 'Udahamulla', '10252', 5),
	(1911, 'Kohuwala', '10255', 5),
	(1912, 'Pamunuwa-Patiragoda', '10281', 5),
	(1913, 'Sudanapura', '10282', 5),
	(1914, 'Nawinna', '10283', 5),
	(1915, 'Vidyodaya University', '10284', 5),
	(1916, 'Pepiliyana', '10291', 5),
	(1917, 'Katuwawala', '10292', 5),
	(1918, 'Suwarapola', '10301', 5),
	(1919, 'Gorakapitiya', '10303', 5),
	(1920, 'Makandana', '10305', 5),
	(1921, 'Kesbewa', '10307', 5),
	(1922, 'Bokundara', '10309', 5),
	(1923, 'Kahathuduwa', '10321', 5),
	(1924, 'Ratmalana North', '10372', 5),
	(1925, 'Sirimal Uyana', '10373', 5),
	(1926, 'Ratmalana', '10390', 5),
	(1927, 'Koralawella', '10401', 5),
	(1928, 'Egodauyana North', '10402', 5),
	(1929, 'Egodauyana South', '10403', 5),
	(1930, 'Indibedda', '10404', 5),
	(1931, 'Moratumulla', '10405', 5),
	(1932, 'Rawathawatta', '10406', 5),
	(1933, 'Willorawatta', '10407', 5),
	(1934, 'Lunawa', '10408', 5),
	(1935, 'Laksapatiya', '10409', 5),
	(1936, 'Angulana', '10411', 5),
	(1937, 'Kaldemulla', '10413', 5),
	(1938, 'Katubedda', '10414', 5),
	(1939, 'Liyanwala', '10501', 5),
	(1940, 'Poregedara', '10503', 5),
	(1941, 'Dampe', '10505', 5),
	(1942, 'Malagala', '10507', 5),
	(1943, 'Meepe Junction', '10509', 5),
	(1944, 'Pinnawala-Waga', '10515', 5),
	(1945, 'Angampitiya', '10517', 5),
	(1946, 'Arukwathupura', '10519', 5),
	(1947, 'Kandanapitiya', '10523', 5),
	(1948, 'Gurulana', '10527', 5),
	(1949, 'Udugamkanda', '10529', 5),
	(1951, 'Wattala', '11300', 7),
	(1952, 'Bulnewa', '50172', 2),
	(1953, 'Kebithigollewa', '50550', 2),
	(1974, 'Madipola', '21156', 16),
	(1975, 'Karatota', '81308', 17),
	(1976, 'Gangulandeniya', '82506', 8),
	(1977, 'Idalgashinna', '90167', 3),
	(1978, 'Allaipiddi', '40048', 9),
	(1979, 'Allaveddi', '40120', 9),
	(1980, 'Alvai', '40635', 9),
	(1981, 'Anaikoddai', '40198', 9),
	(1982, 'Analaitivu', '40280', 9),
	(1983, 'Araly', '40221', 9),
	(1984, 'Atchuveli', '40150', 9),
	(1985, 'Chankanai', '40212', 9),
	(1986, 'Chavakachcheri', '40500', 9),
	(1987, 'Chullipuram', '40230', 9),
	(1988, 'Chundikuli', '40020', 9),
	(1989, 'Chunnakam', '40075', 9),
	(1990, 'Delft West', '40378', 9),
	(1991, 'Delft', '40370', 9),
	(1992, 'Eluvaitivu', '40275', 9),
	(1993, 'Erialai', '40080', 9),
	(1994, 'Ilavalai', '40108', 9),
	(1995, 'Kankesanthurai', '40190', 9),
	(1996, 'Karainagar', '40250', 9),
	(1997, 'Karaveddi', '40520', 9),
	(1998, 'Kayts', '40270', 9),
	(1999, 'Kodikamam', '40700', 9),
	(2000, 'Kokuvil', '40060', 9),
	(2001, 'Kondavil', '40062', 9),
	(2002, 'Kopay', '40170', 9),
	(2003, 'Kudatanai', '40620', 9),
	(2004, 'Mallakam', '40142', 9),
	(2005, 'Mandaitivu', '40045', 9),
	(2006, 'Manipay', '40200', 9),
	(2007, 'Mathagal', '40110', 9),
	(2008, 'Meesalai', '40510', 9),
	(2009, 'Mahiyampathy', NULL, 9),
	(2010, 'Mirusuvil', '40750', 9),
	(2011, 'Nagarkovil', '40630', 9),
	(2012, 'Nagendramadam', '40223', 9),
	(2013, 'Nainathivu', '40360', 9),
	(2014, 'Neervely', '40165', 9),
	(2015, 'Pandaterippu', '40100', 9),
	(2016, 'Point Pedro', '40600', 9),
	(2017, 'Puloly', '40615', 9),
	(2018, 'Pungudutivu', '40330', 9),
	(2019, 'Puttur', '40158', 9),
	(2020, 'Sandilipay', '40098', 9),
	(2021, 'Sangarathai', '40225', 9),
	(2022, 'Sithankerny', '40229', 9),
	(2023, 'Sivankovilady', '40227', 9),
	(2024, 'Thellippallai', '40130', 9),
	(2025, 'Thondamanaru', '40545', 9),
	(2026, 'Urumpirai', '40180', 9),
	(2027, 'Vaddukoddai', '40220', 9),
	(2028, 'Valvettithurai', '40540', 9),
	(2029, 'Varany', '40640', 9),
	(2030, 'Vasavilan', '40145', 9),
	(2031, 'Velanai', '40300', 9),
	(2032, 'Gurunagar', NULL, 9),
	(2033, 'Kaitadi', NULL, 9),
	(2034, 'Nallur', NULL, 9),
	(2035, 'Thirunelvely', NULL, 9),
	(2036, 'Vannarponnai', NULL, 9),
	(2037, 'Akkarayankulam', '42640', 13),
	(2038, 'Aliyawalai', '42565', 13),
	(2039, 'Chempiyanpattu', '42560', 13),
	(2040, 'Elephant Pass', '42510', 13),
	(2041, 'Eluthumadduval', '42580', 13),
	(2042, 'Iranaitiv', '42630', 13),
	(2043, 'Iyyakachchi', '42520', 13),
	(2044, 'Kavutharimunai', '42608', 13),
	(2045, 'Konavil', '42645', 13),
	(2046, 'Mulliyan', '42570', 13),
	(2047, 'Murasumoddai', '42505', 13),
	(2048, 'Pallavarayankaddu', '42615', 13),
	(2049, 'Paranthan', '42500', 13),
	(2050, 'Puliyampokkanai', '42509', 13),
	(2051, 'Punakari-Nallur', '42606', 13),
	(2052, 'Ramanathapuram', '42408', 13),
	(2053, 'Sivapuram', '42618', 13),
	(2054, 'Skanthapuram', '42638', 13),
	(2055, 'Thalaiyadi', '42563', 13),
	(2056, 'Tharmapuram', '42512', 13),
	(2057, 'Uruthirapuram', '42502', 13),
	(2058, 'Vaddakachchi', '42405', 13),
	(2059, 'Vannerikkulam', '42635', 13),
	(2060, 'Veravil', '42620', 13),
	(2061, 'Vinayagapuram', '42625', 13),
	(2063, 'Ambalnagar', NULL, 13),
	(2064, 'Cheddiyakurichchi', NULL, 13),
	(2065, 'Chundikulam', NULL, 13),
	(2066, 'Kalmadunagar', NULL, 13),
	(2067, 'Karadipokku', NULL, 13),
	(2068, 'Kilay', NULL, 13),
	(2069, 'Kunchuparanthan', NULL, 13),
	(2070, 'Muhamalai', NULL, 13),
	(2071, 'Pallai', '42550', 13),
	(2072, 'Sivanagar', NULL, 13),
	(2073, 'Soranpattu', NULL, 13),
	(2074, 'Thirunagar', NULL, 13),
	(2075, 'Thiruvaiaru', NULL, 13),
	(2076, 'Alampil', '42005', 19),
	(2077, 'Karuppaddamurippu', '42220', 19),
	(2078, 'Mankulam', '42300', 19),
	(2079, 'Mullivaikkal', '42540', 19),
	(2080, 'Mulliyawalai', '42100', 19),
	(2081, 'Muththaiyankaddukulam', '42210', 19),
	(2082, 'Naddankandal', '42308', 19),
	(2083, 'Oddusudan', '42200', 19),
	(2084, 'Puthukkudiyiruppu', '42530', 19),
	(2085, 'Puthuvedduvan', '42330', 19),
	(2086, 'Thunukkai', '42320', 19),
	(2087, 'Udayarkaddu', '42518', 19),
	(2088, 'Vavunakkulam', '42305', 19),
	(2089, 'Visvamadukulam', '42515', 19),
	(2090, 'Yogapuram', '42315', 19),
	(2091, 'Ampalavanpokkanai', NULL, 19),
	(2092, 'Ananthapuram', NULL, 19),
	(2093, 'Ethawetunuwewa', '50584', 19),
	(2094, 'Kokkilai', NULL, 19),
	(2095, 'Kokkuthuoduvai', NULL, 19),
	(2096, 'Kumulamunai', NULL, 19),
	(2097, 'Mullathivu', '42000', 19),
	(2098, 'Murukandy', NULL, 19),
	(2099, 'Welioya', '50586', 19),
	(2116, 'Nedunkerny', '42250', 25),
	(2117, 'Neriyakulam', '43300', 25),
	(2135, 'Alagalla', NULL, 25),
	(2136, 'Andiyapuliyankulam', NULL, 25),
	(2137, 'Asikulam', NULL, 25),
	(2138, 'Cheddikulam', NULL, 25),
	(2139, 'Chemamadukulam', NULL, 25),
	(2140, 'Iranai lluppaikulam', NULL, 25),
	(2141, 'Kalmadhu', NULL, 25),
	(2142, 'Iratta Periyakulama', NULL, 25),
	(2143, 'Kanagarayankulam', NULL, 25),
	(2144, 'Kannaddi', NULL, 25),
	(2145, 'Kela Bogaswewa', NULL, 25),
	(2146, 'Kovilkulam', NULL, 25),
	(2147, 'Madukanda', NULL, 25),
	(2148, 'Mahakachchakodiya', NULL, 25),
	(2149, 'Mamaduwa', NULL, 25),
	(2150, 'Maradammaduwa', NULL, 25),
	(2151, 'Maraiyadithakulam', NULL, 25),
	(2152, 'Maruthodai', NULL, 25),
	(2153, 'Mathavuvaithakulam', NULL, 25),
	(2154, 'Nainamadu', NULL, 25),
	(2155, 'Nelukkulam', NULL, 25),
	(2156, 'Nochchimoddai', NULL, 25),
	(2157, 'Omanthai', NULL, 25),
	(2158, 'Palamoddai', NULL, 25),
	(2159, 'Pampaimadu', NULL, 25),
	(2160, 'Pavakkulama Unit 1', NULL, 25),
	(2161, 'Pavakkulama Unit 2', NULL, 25),
	(2162, 'Periyathambanai', NULL, 25),
	(2163, 'Periya Ulukkulama', NULL, 25),
	(2164, 'Poovarasankulam', NULL, 25),
	(2165, 'Puliyankulam', NULL, 25),
	(2166, 'Sathirikulankulam', NULL, 25),
	(2167, 'Sinnasippikulam', NULL, 25),
	(2168, 'Thandikulam', NULL, 25),
	(2169, 'Vaarikkuttiyoor', NULL, 25),
	(2172, 'Aandankulam', NULL, 15),
	(2173, 'Adampan', NULL, 15),
	(2174, 'Arippu', NULL, 15),
	(2175, 'Athimottai', NULL, 15),
	(2176, 'Chilavathurai', NULL, 15),
	(2177, 'Erukkalampiddy', NULL, 15),
	(2178, 'Illuppaikadavai', NULL, 15),
	(2179, 'Karisal', NULL, 15),
	(2180, 'Kokkupadayan', NULL, 15),
	(2181, 'Madhu Church', NULL, 15),
	(2182, 'Madhu Road', NULL, 15),
	(2183, 'Marichchikaddi', NULL, 15),
	(2184, 'Mullikulam', NULL, 15),
	(2185, 'Murunkan', NULL, 15),
	(2186, 'Nanattan', NULL, 15),
	(2187, 'Palampiddy', NULL, 15),
	(2188, 'Pallimunai', NULL, 15),
	(2189, 'Pandaraveli', NULL, 15),
	(2190, 'Pappamoddai', NULL, 15),
	(2191, 'Parappankandal', NULL, 15),
	(2192, 'Parappukadanthan', NULL, 15),
	(2193, 'Periyakunchikulam', NULL, 15),
	(2194, 'Periyamadhu', NULL, 15),
	(2195, 'Periyapandivirichchan', NULL, 15),
	(2196, 'Pesalai', NULL, 15),
	(2197, 'Potkerny', NULL, 15),
	(2198, 'Puthuveli', NULL, 15),
	(2199, 'Sooriyakaddaikadhu', NULL, 15),
	(2200, 'Thalaimannar', NULL, 15),
	(2201, 'Thalaimannar Pier', NULL, 15),
	(2202, 'Thalaimannar West', NULL, 15),
	(2203, 'Thalvupadu', NULL, 15),
	(2204, 'Tharapuram', NULL, 15),
	(2205, 'Thiruketheeswaram', NULL, 15),
	(2206, 'Uyilankulam', NULL, 15),
	(2207, 'Uyirtharasankulam', NULL, 15),
	(2208, 'Vaddakandal', NULL, 15),
	(2209, 'Vankalai', NULL, 15),
	(2210, 'Vellankulam', NULL, 15),
	(2211, 'Veppankulam', NULL, 15),
	(2212, 'Vidataltivu', NULL, 15);

-- Dumping structure for table eschool.class
CREATE TABLE IF NOT EXISTS `class` (
  `clz_id` int NOT NULL AUTO_INCREMENT,
  `clz_name` varchar(45) DEFAULT NULL,
  `grade_gid` int NOT NULL,
  `medium_mid` int NOT NULL,
  `teacher_tuid` int NOT NULL,
  PRIMARY KEY (`clz_id`),
  KEY `fk_class_grade1_idx` (`grade_gid`),
  KEY `fk_class_medium1_idx` (`medium_mid`),
  KEY `fk_class_teacher1_idx` (`teacher_tuid`),
  CONSTRAINT `fk_class_grade1` FOREIGN KEY (`grade_gid`) REFERENCES `grade` (`gid`),
  CONSTRAINT `fk_class_medium1` FOREIGN KEY (`medium_mid`) REFERENCES `medium` (`mid`),
  CONSTRAINT `fk_class_teacher1` FOREIGN KEY (`teacher_tuid`) REFERENCES `user` (`uid`)
) ENGINE=InnoDB AUTO_INCREMENT=56 DEFAULT CHARSET=utf8mb3;

-- Dumping data for table eschool.class: ~50 rows (approximately)
INSERT INTO `class` (`clz_id`, `clz_name`, `grade_gid`, `medium_mid`, `teacher_tuid`) VALUES
	(1, '6-A', 75, 1, 11),
	(2, '7-B', 76, 1, 12),
	(4, '12-C2', 81, 1, 14),
	(5, '8-A', 77, 1, 0),
	(6, '9-A', 78, 1, 0),
	(8, '1-A', 70, 1, 22),
	(9, '2-B', 71, 1, 10),
	(11, '12-M3', 81, 1, 23),
	(12, '6-B', 75, 1, 0),
	(13, '6-C', 75, 1, 0),
	(14, '6-D', 75, 1, 0),
	(15, '7-A', 75, 1, 0),
	(17, '7-D', 76, 1, 0),
	(18, '8-B', 77, 1, 0),
	(19, '8-C', 77, 2, 0),
	(20, '8-D', 77, 1, 0),
	(21, '1-B', 70, 1, 0),
	(22, '1-C', 70, 1, 0),
	(23, '1-D', 70, 1, 0),
	(24, '2-A', 71, 1, 0),
	(25, '2-C', 71, 1, 0),
	(26, '2-D', 71, 1, 0),
	(27, '3-A', 72, 1, 0),
	(28, '3-B', 72, 1, 0),
	(29, '3-C', 72, 1, 0),
	(30, '3-D', 72, 1, 0),
	(31, '4-A', 72, 1, 0),
	(32, '4-B', 73, 1, 0),
	(33, '5-A', 74, 1, 0),
	(34, '5-B', 74, 1, 0),
	(35, '5-C', 74, 1, 0),
	(36, '4-C', 73, 1, 0),
	(38, '12-M1', 81, 1, 0),
	(39, '12-M2', 81, 1, 0),
	(40, '12-A1', 81, 1, 0),
	(41, '12-A2', 81, 1, 0),
	(42, '12-B1', 81, 1, 0),
	(43, '12-B2', 81, 1, 0),
	(44, '12-T1', 81, 1, 0),
	(45, '13-M1', 82, 1, 0),
	(46, '13-M2', 82, 1, 0),
	(47, '13-C1', 82, 1, 0),
	(48, '13-C2', 82, 1, 0),
	(49, '13-B1', 82, 1, 0),
	(50, '13-A1', 82, 1, 0),
	(51, '13-A2', 82, 1, 0),
	(52, '10-A', 79, 1, 0),
	(53, '10-B', 79, 1, 0),
	(54, '11-A', 80, 1, 0),
	(55, '11-B', 80, 1, 0);

-- Dumping structure for table eschool.dark_theam
CREATE TABLE IF NOT EXISTS `dark_theam` (
  `user_uid` int NOT NULL,
  PRIMARY KEY (`user_uid`),
  CONSTRAINT `fk_dark_theam_user1` FOREIGN KEY (`user_uid`) REFERENCES `user` (`uid`)
) ENGINE=InnoDB DEFAULT CHARSET=utf8mb4 COLLATE=utf8mb4_general_ci;

-- Dumping data for table eschool.dark_theam: ~1 rows (approximately)
INSERT INTO `dark_theam` (`user_uid`) VALUES
	(21);

-- Dumping structure for table eschool.district
CREATE TABLE IF NOT EXISTS `district` (
  `did` int NOT NULL AUTO_INCREMENT,
  `dname_en` varchar(45) DEFAULT NULL,
  `province_pid` int NOT NULL,
  PRIMARY KEY (`did`),
  KEY `fk_district_province1_idx` (`province_pid`),
  CONSTRAINT `fk_district_province1` FOREIGN KEY (`province_pid`) REFERENCES `province` (`pid`)
) ENGINE=InnoDB AUTO_INCREMENT=26 DEFAULT CHARSET=utf8mb3;

-- Dumping data for table eschool.district: ~25 rows (approximately)
INSERT INTO `district` (`did`, `dname_en`, `province_pid`) VALUES
	(1, 'Ampara', 6),
	(2, 'Anuradhapura', 8),
	(3, 'Badulla', 7),
	(4, 'Batticaloa', 6),
	(5, 'Colombo', 1),
	(6, 'Galle', 3),
	(7, 'Gampaha', 1),
	(8, 'Hambantota', 3),
	(9, 'Jaffna', 9),
	(10, 'Kalutara', 1),
	(11, 'Kandy', 2),
	(12, 'Kegalle', 5),
	(13, 'Kilinochchi', 9),
	(14, 'Kurunegala', 4),
	(15, 'Mannar', 9),
	(16, 'Matale', 2),
	(17, 'Matara', 3),
	(18, 'Monaragala', 7),
	(19, 'Mullaitivu', 9),
	(20, 'Nuwara Eliya', 2),
	(21, 'Polonnaruwa', 8),
	(22, 'Puttalam', 4),
	(23, 'Ratnapura', 5),
	(24, 'Trincomalee', 6),
	(25, 'Vavuniya', 9);

-- Dumping structure for table eschool.enrollment_fee
CREATE TABLE IF NOT EXISTS `enrollment_fee` (
  `grade_gid` int NOT NULL,
  `fee` double NOT NULL,
  PRIMARY KEY (`grade_gid`),
  KEY `fk_enrollment_fee_grade1_idx` (`grade_gid`),
  CONSTRAINT `fk_enrollment_fee_grade1` FOREIGN KEY (`grade_gid`) REFERENCES `grade` (`gid`)
) ENGINE=InnoDB DEFAULT CHARSET=utf8mb3;

-- Dumping data for table eschool.enrollment_fee: ~13 rows (approximately)
INSERT INTO `enrollment_fee` (`grade_gid`, `fee`) VALUES
	(70, 8),
	(71, 8),
	(72, 8),
	(73, 8),
	(74, 12),
	(75, 15),
	(76, 15),
	(77, 15),
	(78, 15),
	(79, 15),
	(80, 16),
	(81, 18),
	(82, 20);

-- Dumping structure for table eschool.event
CREATE TABLE IF NOT EXISTS `event` (
  `evid` int NOT NULL AUTO_INCREMENT,
  `e_date` date NOT NULL,
  `e_time` time NOT NULL,
  `ev_info` text NOT NULL,
  PRIMARY KEY (`evid`)
) ENGINE=InnoDB AUTO_INCREMENT=8 DEFAULT CHARSET=utf8mb3;

-- Dumping data for table eschool.event: ~5 rows (approximately)
INSERT INTO `event` (`evid`, `e_date`, `e_time`, `ev_info`) VALUES
	(3, '2022-05-20', '08:00:00', 'Skill development program'),
	(4, '2022-05-14', '08:00:00', 'Dhamma Sermon '),
	(5, '2022-05-12', '21:50:00', 'fdsfsa'),
	(6, '2022-06-21', '09:00:00', 'English day program'),
	(7, '2022-07-12', '09:00:00', 'Sinhala day program');

-- Dumping structure for table eschool.gender
CREATE TABLE IF NOT EXISTS `gender` (
  `gid` int NOT NULL AUTO_INCREMENT,
  `gen` varchar(10) DEFAULT NULL,
  PRIMARY KEY (`gid`)
) ENGINE=InnoDB AUTO_INCREMENT=3 DEFAULT CHARSET=utf8mb3;

-- Dumping data for table eschool.gender: ~2 rows (approximately)
INSERT INTO `gender` (`gid`, `gen`) VALUES
	(1, 'Male'),
	(2, 'Female');

-- Dumping structure for table eschool.grade
CREATE TABLE IF NOT EXISTS `grade` (
  `gid` int NOT NULL AUTO_INCREMENT,
  `gname` int DEFAULT NULL,
  PRIMARY KEY (`gid`)
) ENGINE=InnoDB AUTO_INCREMENT=83 DEFAULT CHARSET=utf8mb3;

-- Dumping data for table eschool.grade: ~13 rows (approximately)
INSERT INTO `grade` (`gid`, `gname`) VALUES
	(70, 1),
	(71, 2),
	(72, 3),
	(73, 4),
	(74, 5),
	(75, 6),
	(76, 7),
	(77, 8),
	(78, 9),
	(79, 10),
	(80, 11),
	(81, 12),
	(82, 13);

-- Dumping structure for table eschool.grade_has_subject
CREATE TABLE IF NOT EXISTS `grade_has_subject` (
  `grade_gid` int NOT NULL,
  `sub_id` int NOT NULL,
  PRIMARY KEY (`grade_gid`,`sub_id`),
  KEY `fk_grade_has_subject_subject1_idx` (`sub_id`),
  KEY `fk_grade_has_subject_grade1_idx` (`grade_gid`),
  CONSTRAINT `fk_grade_has_subject_grade1` FOREIGN KEY (`grade_gid`) REFERENCES `grade` (`gid`),
  CONSTRAINT `fk_grade_has_subject_subject1` FOREIGN KEY (`sub_id`) REFERENCES `subject` (`sub_id`)
) ENGINE=InnoDB DEFAULT CHARSET=utf8mb3;

-- Dumping data for table eschool.grade_has_subject: ~0 rows (approximately)

-- Dumping structure for table eschool.guardian_info
CREATE TABLE IF NOT EXISTS `guardian_info` (
  `name` varchar(60) NOT NULL,
  `contact_no` varchar(10) DEFAULT NULL,
  `user_uid` int NOT NULL,
  PRIMARY KEY (`user_uid`),
  CONSTRAINT `fk_guardian_info_user1` FOREIGN KEY (`user_uid`) REFERENCES `user` (`uid`)
) ENGINE=InnoDB DEFAULT CHARSET=utf8mb3;

-- Dumping data for table eschool.guardian_info: ~8 rows (approximately)
INSERT INTO `guardian_info` (`name`, `contact_no`, `user_uid`) VALUES
	('haseth milan', '0714343243', 13),
	('yamila heshad', '0752487953', 15),
	('jayalath gunathunge', '0784324324', 16),
	('mr. prabath gamage', '0728783020', 19),
	('mr gunarathana', '0756873202', 20),
	('Mrs Imasi Malwaththa', '0752394782', 26),
	('Mrs Jamini', '0729638794', 28),
	('Mr anila gunawardhana', '0744567242', 32);

-- Dumping structure for table eschool.mark_status
CREATE TABLE IF NOT EXISTS `mark_status` (
  `mid` int NOT NULL AUTO_INCREMENT,
  `status` varchar(20) DEFAULT NULL,
  PRIMARY KEY (`mid`)
) ENGINE=InnoDB AUTO_INCREMENT=4 DEFAULT CHARSET=utf8mb3;

-- Dumping data for table eschool.mark_status: ~3 rows (approximately)
INSERT INTO `mark_status` (`mid`, `status`) VALUES
	(1, 'Pending'),
	(2, 'Relesed'),
	(3, 'Not set');

-- Dumping structure for table eschool.medium
CREATE TABLE IF NOT EXISTS `medium` (
  `mid` int NOT NULL AUTO_INCREMENT,
  `mname` varchar(45) DEFAULT NULL,
  PRIMARY KEY (`mid`)
) ENGINE=InnoDB AUTO_INCREMENT=3 DEFAULT CHARSET=utf8mb3;

-- Dumping data for table eschool.medium: ~2 rows (approximately)
INSERT INTO `medium` (`mid`, `mname`) VALUES
	(1, 'Sinhala'),
	(2, 'English');

-- Dumping structure for table eschool.nic
CREATE TABLE IF NOT EXISTS `nic` (
  `nic_no` varchar(15) NOT NULL,
  `user_uid` int NOT NULL,
  PRIMARY KEY (`user_uid`),
  CONSTRAINT `fk_nic_user1` FOREIGN KEY (`user_uid`) REFERENCES `user` (`uid`)
) ENGINE=InnoDB DEFAULT CHARSET=utf8mb3;

-- Dumping data for table eschool.nic: ~14 rows (approximately)
INSERT INTO `nic` (`nic_no`, `user_uid`) VALUES
	('2001258034', 9),
	('2003213433', 10),
	('195495343v', 11),
	('1963438933v', 12),
	('194382933v', 14),
	('200125803473', 17),
	('2001678309', 21),
	('1985543897', 22),
	('19806748909', 23),
	('18994329432', 24),
	('197131702649v', 27),
	('1969988383v', 29),
	('198930038948', 30),
	('1984696309v', 31);

-- Dumping structure for table eschool.note
CREATE TABLE IF NOT EXISTS `note` (
  `nid` int NOT NULL AUTO_INCREMENT,
  `title` varchar(60) DEFAULT NULL,
  `grade_gid` int NOT NULL,
  `sub_id` int NOT NULL,
  `medium_mid` int NOT NULL,
  `teacher_tuid` int NOT NULL,
  `file_path` varchar(60) DEFAULT NULL,
  `note_id` varchar(20) DEFAULT NULL,
  PRIMARY KEY (`nid`),
  KEY `fk_note_grade1_idx` (`grade_gid`),
  KEY `fk_note_subject1_idx` (`sub_id`),
  KEY `fk_note_medium1_idx` (`medium_mid`),
  KEY `fk_note_teacher1_idx` (`teacher_tuid`),
  CONSTRAINT `fk_note_grade1` FOREIGN KEY (`grade_gid`) REFERENCES `grade` (`gid`),
  CONSTRAINT `fk_note_medium1` FOREIGN KEY (`medium_mid`) REFERENCES `medium` (`mid`),
  CONSTRAINT `fk_note_subject1` FOREIGN KEY (`sub_id`) REFERENCES `subject` (`sub_id`),
  CONSTRAINT `fk_note_teacher1` FOREIGN KEY (`teacher_tuid`) REFERENCES `user` (`uid`)
) ENGINE=InnoDB AUTO_INCREMENT=8 DEFAULT CHARSET=utf8mb3;

-- Dumping data for table eschool.note: ~3 rows (approximately)
INSERT INTO `note` (`nid`, `title`, `grade_gid`, `sub_id`, `medium_mid`, `teacher_tuid`, `file_path`, `note_id`) VALUES
	(4, 'art drawing', 78, 4, 1, 12, '1651464479.1515.pdf', 'NG9/S4/0003'),
	(5, 'buddist reasheach', 78, 3, 1, 12, '1651470234.8755.pdf', 'NG9/S3/0004'),
	(7, 'Lesson 01', 79, 14, 1, 31, '1655041134.0164.pdf', 'NG10/S14/0005');

-- Dumping structure for view eschool.note_view
-- Creating temporary table to overcome VIEW dependency errors
CREATE TABLE `note_view` (
	`nid` INT(10) NOT NULL,
	`title` VARCHAR(60) NULL COLLATE 'utf8_general_ci',
	`note_id` VARCHAR(20) NULL COLLATE 'utf8_general_ci',
	`file_path` VARCHAR(60) NULL COLLATE 'utf8_general_ci',
	`gid` INT(10) NOT NULL,
	`gname` INT(10) NULL,
	`sub_id` INT(10) NOT NULL,
	`sub_name` VARCHAR(45) NULL COLLATE 'utf8_general_ci',
	`mid` INT(10) NOT NULL,
	`mname` VARCHAR(45) NULL COLLATE 'utf8_general_ci',
	`uid` INT(10) NULL,
	`username` VARCHAR(20) NULL COLLATE 'utf8_general_ci',
	`fname` VARCHAR(45) NULL COLLATE 'utf8_general_ci',
	`lname` VARCHAR(45) NULL COLLATE 'utf8_general_ci',
	`fulname` VARCHAR(100) NULL COLLATE 'utf8_general_ci',
	`gender_gid` INT(10) NULL
) ENGINE=MyISAM;

-- Dumping structure for table eschool.notification
CREATE TABLE IF NOT EXISTS `notification` (
  `noti_id` int NOT NULL AUTO_INCREMENT,
  `notify` varchar(100) NOT NULL,
  `user_type` int NOT NULL,
  `topic` varchar(60) NOT NULL,
  PRIMARY KEY (`noti_id`),
  KEY `fk_notification_user_type1_idx` (`user_type`),
  CONSTRAINT `fk_notification_user_type1` FOREIGN KEY (`user_type`) REFERENCES `user_type` (`utid`)
) ENGINE=InnoDB AUTO_INCREMENT=16 DEFAULT CHARSET=utf8mb3;

-- Dumping data for table eschool.notification: ~2 rows (approximately)
INSERT INTO `notification` (`noti_id`, `notify`, `user_type`, `topic`) VALUES
	(3, 'TEC/JKI/8903 requested to change email as imash12@gmail.com', 5, 'Email Changing'),
	(15, 'STU/ANV/0932 requested to change email as nishalv@gmail.com', 5, 'Email Changing');

-- Dumping structure for view eschool.officers
-- Creating temporary table to overcome VIEW dependency errors
CREATE TABLE `officers` (
	`uid` INT(10) NOT NULL,
	`username` VARCHAR(20) NOT NULL COLLATE 'utf8_general_ci',
	`fname` VARCHAR(45) NOT NULL COLLATE 'utf8_general_ci',
	`lname` VARCHAR(45) NOT NULL COLLATE 'utf8_general_ci',
	`fulname` VARCHAR(100) NOT NULL COLLATE 'utf8_general_ci',
	`contact` VARCHAR(10) NOT NULL COLLATE 'utf8_general_ci',
	`email` VARCHAR(100) NOT NULL COLLATE 'utf8_general_ci',
	`dob` DATE NOT NULL,
	`reg_date` DATE NOT NULL,
	`religion` VARCHAR(45) NULL COLLATE 'utf8_general_ci',
	`gen` VARCHAR(10) NULL COLLATE 'utf8_general_ci',
	`address_line` VARCHAR(80) NULL COLLATE 'utf8_general_ci',
	`city` VARCHAR(45) NULL COLLATE 'utf8_general_ci',
	`postcode` VARCHAR(5) NULL COLLATE 'utf8_general_ci',
	`district` VARCHAR(45) NULL COLLATE 'utf8_general_ci',
	`province` VARCHAR(45) NULL COLLATE 'utf8_general_ci',
	`state` VARCHAR(30) NULL COLLATE 'utf8_general_ci',
	`nic_no` VARCHAR(15) NOT NULL COLLATE 'utf8_general_ci',
	`path` VARCHAR(80) NOT NULL COLLATE 'utf8_general_ci'
) ENGINE=MyISAM;

-- Dumping structure for table eschool.profile_image
CREATE TABLE IF NOT EXISTS `profile_image` (
  `user_uid` int NOT NULL,
  `path` varchar(80) NOT NULL,
  PRIMARY KEY (`user_uid`),
  CONSTRAINT `fk_profile_image_user1` FOREIGN KEY (`user_uid`) REFERENCES `user` (`uid`)
) ENGINE=InnoDB DEFAULT CHARSET=utf8mb3;

-- Dumping data for table eschool.profile_image: ~21 rows (approximately)
INSERT INTO `profile_image` (`user_uid`, `path`) VALUES
	(9, '1654879153.0624.jpeg'),
	(10, '1654852381.5352.jpeg'),
	(11, '1654852470.7042.jpeg'),
	(12, '1654852491.1203.jpeg'),
	(13, '1654876373.0621.jpeg'),
	(14, '1654852686.1681.jpeg'),
	(15, '1654876362.8415.jpeg'),
	(16, '1651997402.9676.jpeg'),
	(17, '1655018891.8486.jpeg'),
	(20, '1654876307.5515.jpeg'),
	(21, '1651408229.5659.jpeg'),
	(22, '1654852637.4278.jpeg'),
	(23, '1654852651.1676.jpeg'),
	(24, '1652026522.2363.jpeg'),
	(26, '1654875345.614.jpeg'),
	(27, '1654974281.466.jpeg'),
	(28, '1655031356.3482.jpeg'),
	(29, '1655038456.2938.jpeg'),
	(30, '1655039037.5398.jpeg'),
	(31, '1655040265.2569.jpeg'),
	(32, '1655043923.9352.jpeg');

-- Dumping structure for table eschool.province
CREATE TABLE IF NOT EXISTS `province` (
  `pid` int NOT NULL AUTO_INCREMENT,
  `pname_en` varchar(45) DEFAULT NULL,
  PRIMARY KEY (`pid`)
) ENGINE=InnoDB AUTO_INCREMENT=10 DEFAULT CHARSET=utf8mb3;

-- Dumping data for table eschool.province: ~9 rows (approximately)
INSERT INTO `province` (`pid`, `pname_en`) VALUES
	(1, 'Western'),
	(2, 'Central'),
	(3, 'Southern'),
	(4, 'North Western'),
	(5, 'Sabaragamuwa'),
	(6, 'Eastern'),
	(7, 'Uva'),
	(8, 'North Central'),
	(9, 'Northern');

-- Dumping structure for table eschool.religious
CREATE TABLE IF NOT EXISTS `religious` (
  `rid` int NOT NULL AUTO_INCREMENT,
  `religion` varchar(45) DEFAULT NULL,
  PRIMARY KEY (`rid`)
) ENGINE=InnoDB AUTO_INCREMENT=6 DEFAULT CHARSET=utf8mb3;

-- Dumping data for table eschool.religious: ~5 rows (approximately)
INSERT INTO `religious` (`rid`, `religion`) VALUES
	(1, 'Buddhism'),
	(2, 'Hinduism'),
	(3, 'Islam'),
	(4, 'Christianity'),
	(5, 'Other');

-- Dumping structure for table eschool.status
CREATE TABLE IF NOT EXISTS `status` (
  `sid` int NOT NULL AUTO_INCREMENT,
  `state` varchar(30) DEFAULT NULL,
  PRIMARY KEY (`sid`)
) ENGINE=InnoDB AUTO_INCREMENT=4 DEFAULT CHARSET=utf8mb3;

-- Dumping data for table eschool.status: ~3 rows (approximately)
INSERT INTO `status` (`sid`, `state`) VALUES
	(1, 'Pending'),
	(2, 'Verified'),
	(3, 'Blocked');

-- Dumping structure for view eschool.students
-- Creating temporary table to overcome VIEW dependency errors
CREATE TABLE `students` (
	`uid` INT(10) NOT NULL,
	`username` VARCHAR(20) NOT NULL COLLATE 'utf8_general_ci',
	`fname` VARCHAR(45) NOT NULL COLLATE 'utf8_general_ci',
	`lname` VARCHAR(45) NOT NULL COLLATE 'utf8_general_ci',
	`fulname` VARCHAR(100) NOT NULL COLLATE 'utf8_general_ci',
	`contact` VARCHAR(10) NOT NULL COLLATE 'utf8_general_ci',
	`email` VARCHAR(100) NOT NULL COLLATE 'utf8_general_ci',
	`dob` DATE NOT NULL,
	`reg_date` DATE NOT NULL,
	`religion` VARCHAR(45) NULL COLLATE 'utf8_general_ci',
	`gen` VARCHAR(10) NULL COLLATE 'utf8_general_ci',
	`address_line` VARCHAR(80) NULL COLLATE 'utf8_general_ci',
	`city` VARCHAR(45) NULL COLLATE 'utf8_general_ci',
	`postcode` VARCHAR(5) NULL COLLATE 'utf8_general_ci',
	`district` VARCHAR(45) NULL COLLATE 'utf8_general_ci',
	`province` VARCHAR(45) NULL COLLATE 'utf8_general_ci',
	`state` VARCHAR(30) NULL COLLATE 'utf8_general_ci',
	`path` VARCHAR(80) NOT NULL COLLATE 'utf8_general_ci',
	`guardian_name` VARCHAR(60) NULL COLLATE 'utf8_general_ci',
	`guardian_contact` VARCHAR(10) NULL COLLATE 'utf8_general_ci',
	`clz_name` VARCHAR(45) NULL COLLATE 'utf8_general_ci',
	`clz_id` INT(10) NULL,
	`gid` INT(10) NULL,
	`grade` INT(10) NULL
) ENGINE=MyISAM;

-- Dumping structure for table eschool.student_assignment_awnser
CREATE TABLE IF NOT EXISTS `student_assignment_awnser` (
  `answr_id` int NOT NULL AUTO_INCREMENT,
  `user_uid` int NOT NULL,
  `assignment_aid` int NOT NULL,
  `awnser_sheet_path` varchar(80) NOT NULL,
  `marks` double DEFAULT NULL,
  `result_sheet_path` varchar(80) DEFAULT NULL,
  `status` int NOT NULL,
  `submit_date` date DEFAULT NULL,
  PRIMARY KEY (`answr_id`),
  KEY `fk_user_has_assignment_assignment1_idx` (`assignment_aid`),
  KEY `fk_user_has_assignment_user1_idx` (`user_uid`),
  KEY `fk_student_assignment_awnser_mark_status1_idx` (`status`),
  CONSTRAINT `fk_student_assignment_awnser_mark_status1` FOREIGN KEY (`status`) REFERENCES `mark_status` (`mid`),
  CONSTRAINT `fk_user_has_assignment_assignment1` FOREIGN KEY (`assignment_aid`) REFERENCES `assignment` (`aid`),
  CONSTRAINT `fk_user_has_assignment_user1` FOREIGN KEY (`user_uid`) REFERENCES `user` (`uid`)
) ENGINE=InnoDB AUTO_INCREMENT=9 DEFAULT CHARSET=utf8mb3;

-- Dumping data for table eschool.student_assignment_awnser: ~4 rows (approximately)
INSERT INTO `student_assignment_awnser` (`answr_id`, `user_uid`, `assignment_aid`, `awnser_sheet_path`, `marks`, `result_sheet_path`, `status`, `submit_date`) VALUES
	(4, 20, 4, '1652027307.2894.pdf', 68, '1652027783.3284.pdf', 2, '2022-05-08'),
	(6, 16, 2, '1654890888.6168.pdf', 80, '1654892128.5533.pdf', 1, '2022-06-11'),
	(7, 28, 8, '1655041949.1293.pdf', 71, '1655042055.1899.pdf', 2, '2022-06-12'),
	(8, 16, 8, '1655043613.2553.pdf', NULL, NULL, 3, '2022-06-12');

-- Dumping structure for table eschool.student_has_class
CREATE TABLE IF NOT EXISTS `student_has_class` (
  `user_uid` int NOT NULL,
  `class_id` int NOT NULL,
  PRIMARY KEY (`user_uid`),
  KEY `fk_user_has_class_class1_idx` (`class_id`),
  KEY `fk_user_has_class_user1_idx` (`user_uid`),
  CONSTRAINT `fk_user_has_class_class1` FOREIGN KEY (`class_id`) REFERENCES `class` (`clz_id`),
  CONSTRAINT `fk_user_has_class_user1` FOREIGN KEY (`user_uid`) REFERENCES `user` (`uid`)
) ENGINE=InnoDB DEFAULT CHARSET=utf8mb3;

-- Dumping data for table eschool.student_has_class: ~7 rows (approximately)
INSERT INTO `student_has_class` (`user_uid`, `class_id`) VALUES
	(13, 2),
	(20, 4),
	(26, 9),
	(15, 52),
	(32, 53),
	(28, 54),
	(16, 55);

-- Dumping structure for table eschool.student_payment
CREATE TABLE IF NOT EXISTS `student_payment` (
  `pay_id` int NOT NULL AUTO_INCREMENT,
  `pay_dtime` datetime NOT NULL,
  `user_uid` int NOT NULL,
  `total` double DEFAULT NULL,
  `grade_gid` int NOT NULL,
  PRIMARY KEY (`pay_id`,`grade_gid`),
  KEY `fk_student_payment_user1_idx` (`user_uid`),
  KEY `fk_student_payment_enrollment_fee1_idx` (`grade_gid`),
  CONSTRAINT `fk_student_payment_enrollment_fee1` FOREIGN KEY (`grade_gid`) REFERENCES `enrollment_fee` (`grade_gid`),
  CONSTRAINT `fk_student_payment_user1` FOREIGN KEY (`user_uid`) REFERENCES `user` (`uid`)
) ENGINE=InnoDB AUTO_INCREMENT=16 DEFAULT CHARSET=utf8mb3;

-- Dumping data for table eschool.student_payment: ~5 rows (approximately)
INSERT INTO `student_payment` (`pay_id`, `pay_dtime`, `user_uid`, `total`, `grade_gid`) VALUES
	(8, '2022-06-12 16:55:32', 20, 18, 81),
	(9, '2022-06-12 19:16:31', 28, 15, 79),
	(11, '2022-06-12 19:47:17', 15, 15, 79),
	(12, '2022-06-13 20:43:08', 13, 15, 76),
	(15, '2022-06-13 21:12:46', 28, 16, 80);

-- Dumping structure for view eschool.stu_assignment_awnser
-- Creating temporary table to overcome VIEW dependency errors
CREATE TABLE `stu_assignment_awnser` (
	`aid` INT(10) NOT NULL,
	`title` VARCHAR(60) NOT NULL COLLATE 'utf8_general_ci',
	`file_path` VARCHAR(60) NOT NULL COLLATE 'utf8_general_ci',
	`assignment_id` VARCHAR(45) NULL COLLATE 'utf8_general_ci',
	`teacher_tuid` INT(10) NOT NULL,
	`gid` INT(10) NOT NULL,
	`gname` INT(10) NULL,
	`sub_id` INT(10) NOT NULL,
	`sub_name` VARCHAR(45) NULL COLLATE 'utf8_general_ci',
	`uid` INT(10) NOT NULL,
	`stu_uname` VARCHAR(20) NOT NULL COLLATE 'utf8_general_ci',
	`stu_fname` VARCHAR(45) NOT NULL COLLATE 'utf8_general_ci',
	`stu_lname` VARCHAR(45) NOT NULL COLLATE 'utf8_general_ci',
	`stu_fulname` VARCHAR(100) NOT NULL COLLATE 'utf8_general_ci',
	`stu_contact` VARCHAR(10) NOT NULL COLLATE 'utf8_general_ci',
	`stu_email` VARCHAR(100) NOT NULL COLLATE 'utf8_general_ci',
	`answr_id` INT(10) NOT NULL,
	`awnser_sheet_path` VARCHAR(80) NOT NULL COLLATE 'utf8_general_ci',
	`submit_date` DATE NULL,
	`marks` DOUBLE NULL,
	`result_sheet_path` VARCHAR(80) NULL COLLATE 'utf8_general_ci',
	`status` INT(10) NOT NULL
) ENGINE=MyISAM;

-- Dumping structure for table eschool.subject
CREATE TABLE IF NOT EXISTS `subject` (
  `sub_id` int NOT NULL AUTO_INCREMENT,
  `sub_name` varchar(45) DEFAULT NULL,
  PRIMARY KEY (`sub_id`)
) ENGINE=InnoDB AUTO_INCREMENT=30 DEFAULT CHARSET=utf8mb3;

-- Dumping data for table eschool.subject: ~24 rows (approximately)
INSERT INTO `subject` (`sub_id`, `sub_name`) VALUES
	(2, 'Combine Maths'),
	(3, 'Buddhist'),
	(4, 'Art '),
	(7, 'Dance'),
	(10, 'Music'),
	(11, 'English '),
	(12, 'Sinhala'),
	(13, 'ICT'),
	(14, 'Science '),
	(15, 'Maths'),
	(16, 'History'),
	(17, 'Geography'),
	(18, 'Commerce'),
	(19, 'Chemistry'),
	(20, 'Physics'),
	(21, 'Accounting'),
	(22, 'Business'),
	(23, 'Biology'),
	(24, '	Agro Technology'),
	(25, 'Engineering Technology'),
	(26, 'Economics'),
	(27, 'Political Science'),
	(28, 'General Information Technology'),
	(29, 'Statistics Business');

-- Dumping structure for table eschool.subject_category
CREATE TABLE IF NOT EXISTS `subject_category` (
  `c_id` int NOT NULL AUTO_INCREMENT,
  `c_name` varchar(45) DEFAULT NULL,
  PRIMARY KEY (`c_id`)
) ENGINE=InnoDB AUTO_INCREMENT=8 DEFAULT CHARSET=utf8mb3;

-- Dumping data for table eschool.subject_category: ~6 rows (approximately)
INSERT INTO `subject_category` (`c_id`, `c_name`) VALUES
	(1, 'Main'),
	(2, 'Religious'),
	(3, 'Category 1'),
	(4, 'Category 2'),
	(5, 'Category 3'),
	(6, 'Optional');

-- Dumping structure for table eschool.subject_has_grade_type
CREATE TABLE IF NOT EXISTS `subject_has_grade_type` (
  `subject_sub_id` int NOT NULL,
  `sub_grade_type_sg_id` int NOT NULL,
  `subject_category_c_id` int NOT NULL,
  PRIMARY KEY (`subject_sub_id`,`sub_grade_type_sg_id`),
  KEY `fk_subject_has_sub_grade_type_sub_grade_type1_idx` (`sub_grade_type_sg_id`),
  KEY `fk_subject_has_sub_grade_type_subject1_idx` (`subject_sub_id`),
  KEY `fk_subject_has_grade_type_subject_category1_idx` (`subject_category_c_id`),
  CONSTRAINT `fk_subject_has_grade_type_subject_category1` FOREIGN KEY (`subject_category_c_id`) REFERENCES `subject_category` (`c_id`),
  CONSTRAINT `fk_subject_has_sub_grade_type_sub_grade_type1` FOREIGN KEY (`sub_grade_type_sg_id`) REFERENCES `sub_grade_type` (`sg_id`),
  CONSTRAINT `fk_subject_has_sub_grade_type_subject1` FOREIGN KEY (`subject_sub_id`) REFERENCES `subject` (`sub_id`)
) ENGINE=InnoDB DEFAULT CHARSET=utf8mb3;

-- Dumping data for table eschool.subject_has_grade_type: ~39 rows (approximately)
INSERT INTO `subject_has_grade_type` (`subject_sub_id`, `sub_grade_type_sg_id`, `subject_category_c_id`) VALUES
	(2, 1213, 1),
	(7, 1213, 1),
	(11, 1213, 1),
	(12, 15, 1),
	(12, 69, 1),
	(12, 1011, 1),
	(13, 69, 1),
	(14, 69, 1),
	(14, 1011, 1),
	(15, 15, 1),
	(15, 69, 1),
	(15, 1011, 1),
	(16, 69, 1),
	(16, 1011, 1),
	(17, 69, 1),
	(17, 1213, 1),
	(19, 1213, 1),
	(20, 1213, 1),
	(21, 1213, 1),
	(22, 1213, 1),
	(23, 1213, 1),
	(24, 1213, 1),
	(25, 1213, 1),
	(26, 1213, 1),
	(27, 1213, 1),
	(28, 1213, 1),
	(29, 1213, 1),
	(3, 15, 2),
	(3, 69, 2),
	(3, 1011, 2),
	(4, 1011, 3),
	(7, 1011, 3),
	(10, 1011, 3),
	(17, 1011, 3),
	(18, 1011, 3),
	(13, 1011, 5),
	(4, 69, 6),
	(7, 69, 6),
	(10, 69, 6);

-- Dumping structure for table eschool.sub_grade_type
CREATE TABLE IF NOT EXISTS `sub_grade_type` (
  `sg_id` int NOT NULL,
  `sg_name` varchar(10) DEFAULT NULL,
  PRIMARY KEY (`sg_id`)
) ENGINE=InnoDB DEFAULT CHARSET=utf8mb3;

-- Dumping data for table eschool.sub_grade_type: ~4 rows (approximately)
INSERT INTO `sub_grade_type` (`sg_id`, `sg_name`) VALUES
	(15, '1-5'),
	(69, '6-9'),
	(1011, '10-11'),
	(1213, '12-13');

-- Dumping structure for view eschool.teachers
-- Creating temporary table to overcome VIEW dependency errors
CREATE TABLE `teachers` (
	`uid` INT(10) NOT NULL,
	`username` VARCHAR(20) NOT NULL COLLATE 'utf8_general_ci',
	`fname` VARCHAR(45) NOT NULL COLLATE 'utf8_general_ci',
	`lname` VARCHAR(45) NOT NULL COLLATE 'utf8_general_ci',
	`fulname` VARCHAR(100) NOT NULL COLLATE 'utf8_general_ci',
	`contact` VARCHAR(10) NOT NULL COLLATE 'utf8_general_ci',
	`email` VARCHAR(100) NOT NULL COLLATE 'utf8_general_ci',
	`dob` DATE NOT NULL,
	`reg_date` DATE NOT NULL,
	`religion` VARCHAR(45) NULL COLLATE 'utf8_general_ci',
	`gen` VARCHAR(10) NULL COLLATE 'utf8_general_ci',
	`address_line` VARCHAR(80) NULL COLLATE 'utf8_general_ci',
	`city` VARCHAR(45) NULL COLLATE 'utf8_general_ci',
	`postcode` VARCHAR(5) NULL COLLATE 'utf8_general_ci',
	`district` VARCHAR(45) NULL COLLATE 'utf8_general_ci',
	`province` VARCHAR(45) NULL COLLATE 'utf8_general_ci',
	`state` VARCHAR(30) NULL COLLATE 'utf8_general_ci',
	`nic_no` VARCHAR(15) NOT NULL COLLATE 'utf8_general_ci',
	`path` VARCHAR(80) NOT NULL COLLATE 'utf8_general_ci'
) ENGINE=MyISAM;

-- Dumping structure for table eschool.teacher_has_grade
CREATE TABLE IF NOT EXISTS `teacher_has_grade` (
  `user_uid` int NOT NULL,
  `grade_gid` int NOT NULL,
  PRIMARY KEY (`user_uid`,`grade_gid`),
  KEY `fk_user_has_grade_grade1_idx` (`grade_gid`),
  KEY `fk_user_has_grade_user1_idx` (`user_uid`),
  CONSTRAINT `fk_user_has_grade_grade1` FOREIGN KEY (`grade_gid`) REFERENCES `grade` (`gid`),
  CONSTRAINT `fk_user_has_grade_user1` FOREIGN KEY (`user_uid`) REFERENCES `user` (`uid`)
) ENGINE=InnoDB DEFAULT CHARSET=utf8mb3;

-- Dumping data for table eschool.teacher_has_grade: ~26 rows (approximately)
INSERT INTO `teacher_has_grade` (`user_uid`, `grade_gid`) VALUES
	(10, 70),
	(22, 70),
	(10, 71),
	(22, 71),
	(10, 72),
	(22, 72),
	(22, 73),
	(22, 74),
	(11, 75),
	(11, 76),
	(11, 77),
	(12, 77),
	(11, 78),
	(12, 78),
	(31, 78),
	(11, 79),
	(12, 79),
	(31, 79),
	(11, 80),
	(31, 80),
	(14, 81),
	(23, 81),
	(24, 81),
	(14, 82),
	(23, 82),
	(24, 82);

-- Dumping structure for table eschool.teacher_has_subject
CREATE TABLE IF NOT EXISTS `teacher_has_subject` (
  `user_uid` int NOT NULL,
  `subject_id` int NOT NULL,
  PRIMARY KEY (`user_uid`,`subject_id`),
  KEY `fk_user_has_subject_subject1_idx` (`subject_id`),
  KEY `fk_user_has_subject_user1_idx` (`user_uid`),
  CONSTRAINT `fk_user_has_subject_subject1` FOREIGN KEY (`subject_id`) REFERENCES `subject` (`sub_id`),
  CONSTRAINT `fk_user_has_subject_user1` FOREIGN KEY (`user_uid`) REFERENCES `user` (`uid`)
) ENGINE=InnoDB DEFAULT CHARSET=utf8mb3;

-- Dumping data for table eschool.teacher_has_subject: ~6 rows (approximately)
INSERT INTO `teacher_has_subject` (`user_uid`, `subject_id`) VALUES
	(14, 2),
	(23, 2),
	(24, 2),
	(12, 3),
	(12, 4),
	(31, 14);

-- Dumping structure for table eschool.trial_period
CREATE TABLE IF NOT EXISTS `trial_period` (
  `start_date` date NOT NULL,
  `user_uid` int NOT NULL,
  PRIMARY KEY (`user_uid`),
  CONSTRAINT `fk_trial_period_user1` FOREIGN KEY (`user_uid`) REFERENCES `user` (`uid`)
) ENGINE=InnoDB DEFAULT CHARSET=utf8mb3;

-- Dumping data for table eschool.trial_period: ~4 rows (approximately)
INSERT INTO `trial_period` (`start_date`, `user_uid`) VALUES
	('2022-05-13', 13),
	('2022-06-12', 16),
	('2022-05-08', 20),
	('2022-05-13', 28);

-- Dumping structure for table eschool.tsv_status
CREATE TABLE IF NOT EXISTS `tsv_status` (
  `tsv_id` int NOT NULL AUTO_INCREMENT,
  `tsv_state` varchar(45) DEFAULT NULL,
  PRIMARY KEY (`tsv_id`)
) ENGINE=InnoDB AUTO_INCREMENT=3 DEFAULT CHARSET=utf8mb3;

-- Dumping data for table eschool.tsv_status: ~2 rows (approximately)
INSERT INTO `tsv_status` (`tsv_id`, `tsv_state`) VALUES
	(1, 'ON'),
	(2, 'OFF');

-- Dumping structure for table eschool.user
CREATE TABLE IF NOT EXISTS `user` (
  `uid` int NOT NULL AUTO_INCREMENT,
  `username` varchar(20) NOT NULL,
  `fname` varchar(45) NOT NULL,
  `lname` varchar(45) NOT NULL,
  `fulname` varchar(100) NOT NULL,
  `contact` varchar(10) NOT NULL,
  `email` varchar(100) NOT NULL,
  `password` varchar(20) CHARACTER SET utf8mb4 COLLATE utf8mb4_bin NOT NULL,
  `dob` date NOT NULL,
  `gender_gid` int NOT NULL,
  `religion_rid` int NOT NULL,
  `v_code` varchar(45) DEFAULT NULL,
  `reg_date` date NOT NULL,
  `status_sid` int NOT NULL,
  `user_type` int NOT NULL,
  `tsv_status` int NOT NULL,
  PRIMARY KEY (`uid`),
  KEY `fk_student_gender_idx` (`gender_gid`),
  KEY `fk_student_national1_idx` (`religion_rid`),
  KEY `fk_teacher_status1_idx` (`status_sid`),
  KEY `fk_teacher_user_type1_idx` (`user_type`),
  KEY `fk_user_tsv_status1_idx` (`tsv_status`),
  CONSTRAINT `fk_student_gender0` FOREIGN KEY (`gender_gid`) REFERENCES `gender` (`gid`),
  CONSTRAINT `fk_student_national10` FOREIGN KEY (`religion_rid`) REFERENCES `religious` (`rid`),
  CONSTRAINT `fk_teacher_status1` FOREIGN KEY (`status_sid`) REFERENCES `status` (`sid`),
  CONSTRAINT `fk_teacher_user_type1` FOREIGN KEY (`user_type`) REFERENCES `user_type` (`utid`),
  CONSTRAINT `fk_user_tsv_status1` FOREIGN KEY (`tsv_status`) REFERENCES `tsv_status` (`tsv_id`)
) ENGINE=InnoDB AUTO_INCREMENT=33 DEFAULT CHARSET=utf8mb3;

-- Dumping data for table eschool.user: ~23 rows (approximately)
INSERT INTO `user` (`uid`, `username`, `fname`, `lname`, `fulname`, `contact`, `email`, `password`, `dob`, `gender_gid`, `religion_rid`, `v_code`, `reg_date`, `status_sid`, `user_type`, `tsv_status`) VALUES
	(0, 'N/A', 'N/A', 'N/A', 'N/A', 'N/A', 'N/A', 'N/A', '2022-05-09', 1, 5, NULL, '2022-05-09', 2, 3, 2),
	(9, 'AF/GWA/0021', 'Ishan', 'udith', 'U.O ISHAN UDITH', '0723489943', 'ishanudi@gmail.com', 'lqI9$h50', '2022-04-13', 1, 3, '206887', '2022-04-29', 2, 4, 2),
	(10, 'TEC/GWA/0023', 'Janidu', 'Chamika', 'JANIDU CHAMIKA', '0782392745', 'janchamika41@gmail.com', '@v0Kj58h', '2022-04-07', 2, 2, '619741', '2022-04-30', 2, 3, 2),
	(11, 'TEC/REE/11332', 'Madusi', 'Milathika', 'R.E.E MADUSHI MILANTHIKA', '0782392745', 'madushanimik3@gmail.com', 'xzq7@J5a', '1997-07-01', 2, 1, '569043', '2022-04-30', 2, 3, 2),
	(12, 'TEC/JKI/8903', 'Imasha', 'Amarathunge', 'J.K IMASHA AMARATHUNGE', '0789321432', 'imashathunge@gmail.com', '57hLfIO8', '1983-02-16', 2, 1, '', '2022-04-30', 2, 3, 2),
	(13, 'STU/TWK/4342', 'kavidu', 'ahshan', 'T.W KAVINDU ASHAN', '0784243254', 'kaviduas@gmail.com', 'FcoluifS', '2022-04-07', 1, 4, '217942', '2022-04-30', 2, 2, 2),
	(14, 'TEC/UOO/3214', 'oshan', 'gunesinha', 'U.O OSHAN GUNASIHNHA', '0783215721', 'oshangun@gmail.com', 'UFXuihNs', '1990-06-12', 1, 4, '920651', '2022-04-30', 2, 3, 2),
	(15, 'STU/RKU/0342', 'umesh', 'israntha', 'R.K UMESH IRANTHA', '0721376552', 'umseh12@gmial.com', 'x8VC6rcq', '2011-02-12', 1, 1, '', '2022-04-30', 2, 2, 2),
	(16, 'STU/KSE/3242', 'Janidu', 'Chamika', 'A.W.A JANIDU CHAMIKA', '0782392745', 'janchamikad1@gmail.com', 'yiWSzJb4', '2022-04-12', 1, 1, '', '2022-04-30', 2, 2, 2),
	(17, 'MAD/GWA/7893', 'Janidu', 'Chamika', 'G.W.A JANIDU CHAMIKA', '0782392745', 'janchamika1@gmail.com', 'janidu12', '2001-09-14', 1, 1, '', '2022-04-30', 2, 1, 1),
	(19, 'STU/RSO/83902', 'osshad ', 'gamage', 'R.S OSHADI GAMAGE', '0782356732', 'oshadigam@gmail.com', 'G1JCjnK8', '2002-05-22', 2, 1, '601934', '2022-05-01', 1, 2, 2),
	(20, 'STU/AKK/7989', 'ashan', 'kavindu', 'A.K KALUPAHANA', '0723689283', 'ashanka@gmail.com', 'PH@FWe9R', '2006-09-20', 1, 1, '140323', '2022-05-01', 2, 2, 2),
	(21, 'AD/KJN/7899', 'Nidula', 'Gunewardhana', 'K.J.N GUNEWARDHANE', '0757893023', 'nidulgunewa41@gmail.com', 'janidu22', '2001-09-18', 1, 1, '', '2022-05-01', 2, 5, 2),
	(22, 'TEC/YOU/43422', 'hasini', 'magawaththa', 'Y.O.H MAGAWATHTHA', '0757892003', 'hasish@gmail.com', 'xlBki0Xb', '1989-04-23', 2, 4, '', '2022-05-03', 2, 3, 2),
	(23, 'TEC/ROK/21992', 'kavishka', 'thilaksha', 'R.O.K THILAKSHANA', '0789563490', 'kavishath1@gmail.com', 'eNRXlIa7', '1980-07-14', 1, 1, '762533', '2022-05-03', 1, 3, 2),
	(24, 'TEC/UON/3212', 'Nidula', 'Gunewardhana', 'U.O NIDULA GENEWARDHANA', '0783283213', 'nidulam2001@gmail.com', '0rgx6T32', '2002-03-25', 1, 1, '', '2022-05-08', 2, 3, 2),
	(26, 'STU/IOU/0032', 'Uvindu', 'Chethiya', 'I.O UVINDU CHETHIYA', '0752394782', 'uvinduch11@gmail.com', 'IukclOqh', '2011-10-18', 1, 1, '871460', '2022-06-10', 1, 2, 2),
	(27, 'AF/TRA/0343', 'Ramanayake ', 'Abeyesundere', 'T RAMANAYAKE ABEYESUNDERE', '0729638794', 'rathxrrmyei@gmail.com', '3Tp8ymg1', '1973-04-12', 1, 1, '919391', '2022-06-12', 1, 4, 1),
	(28, 'STU/ANV/0932', 'Nishal ', 'Vimukthi', 'A NISHAL VIMUKTHI', '0729638794', 'webtestjanidu@gmail.com', 'janidu12', '2007-03-02', 1, 1, '', '2022-06-12', 2, 2, 2),
	(29, 'AF/WAK/0932', 'Adithya ', 'Kularatne', 'W ADITHYA KULARATNE', '0784702116', 'adithwzaq@gmail.com', 'v0uhzkI5', '1969-02-01', 1, 1, '', '2022-06-12', 2, 4, 1),
	(30, 'AF/EAH/2321', 'Hiranya ', 'Kumaranatunga', 'E.A HIRANYA KUMARANATUNGA', '0784514364', 'pavype@ryteto.me', '1CroNg2k', '1989-04-03', 2, 1, '', '2022-06-12', 2, 4, 2),
	(31, 'TEC/WBE/3229', 'Bimali ', 'Ekanayake', 'W BIMALI EKANAYAKE', '0755381180', 'janidu.commercial@gmail.com', 'bimali12', '1984-04-03', 2, 1, '174440', '2022-06-12', 1, 3, 2),
	(32, 'STU/AVP/0032', 'Pradeepanie ', 'Amarasekara', 'A.V PRADEEPANIE AMARASEKARA', '0712747700', 'negifa@ema-sofia.eu', 'mqsp9tEB', '2006-10-01', 2, 1, '684006', '2022-06-12', 1, 2, 2);

-- Dumping structure for table eschool.user_type
CREATE TABLE IF NOT EXISTS `user_type` (
  `utid` int NOT NULL AUTO_INCREMENT,
  `type` varchar(15) DEFAULT NULL,
  PRIMARY KEY (`utid`)
) ENGINE=InnoDB AUTO_INCREMENT=7 DEFAULT CHARSET=utf8mb3;

-- Dumping data for table eschool.user_type: ~6 rows (approximately)
INSERT INTO `user_type` (`utid`, `type`) VALUES
	(1, 'Super Admin'),
	(2, 'Student'),
	(3, 'Teacher'),
	(4, 'Officer'),
	(5, 'Admin'),
	(6, 'All');

-- Removing temporary table and create final VIEW structure
DROP TABLE IF EXISTS `admins`;
CREATE ALGORITHM=UNDEFINED SQL SECURITY DEFINER VIEW `admins` AS select `user`.`uid` AS `uid`,`user`.`username` AS `username`,`user`.`fname` AS `fname`,`user`.`lname` AS `lname`,`user`.`fulname` AS `fulname`,`user`.`contact` AS `contact`,`user`.`email` AS `email`,`user`.`dob` AS `dob`,`user`.`reg_date` AS `reg_date`,`religious`.`religion` AS `religion`,`gender`.`gen` AS `gen`,`address`.`address_line` AS `address_line`,`city`.`cname_en` AS `city`,`city`.`postcode` AS `postcode`,`district`.`dname_en` AS `district`,`province`.`pname_en` AS `province`,`status`.`state` AS `state`,`nic`.`nic_no` AS `nic_no`,`profile_image`.`path` AS `path` from (((((((((`user` join `nic` on((`user`.`uid` = `nic`.`user_uid`))) join `gender` on((`user`.`gender_gid` = `gender`.`gid`))) join `religious` on((`user`.`religion_rid` = `religious`.`rid`))) join `status` on((`user`.`status_sid` = `status`.`sid`))) left join `address` on((`user`.`uid` = `address`.`user_uid`))) left join `profile_image` on((`user`.`uid` = `profile_image`.`user_uid`))) left join `city` on((`address`.`city_cid` = `city`.`cid`))) left join `district` on((`city`.`district_did` = `district`.`did`))) left join `province` on((`district`.`province_pid` = `province`.`pid`))) where (`user`.`user_type` in (1,5));

-- Removing temporary table and create final VIEW structure
DROP TABLE IF EXISTS `allclass`;
CREATE ALGORITHM=UNDEFINED SQL SECURITY DEFINER VIEW `allclass` AS select `class`.`clz_id` AS `clz_id`,`class`.`clz_name` AS `clz_name`,`user`.`fulname` AS `teacher`,`grade`.`gname` AS `grade`,`medium`.`mname` AS `medium`,`al_stream`.`stream_name` AS `al_stream` from (((((`class` join `medium` on((`class`.`medium_mid` = `medium`.`mid`))) join `grade` on((`class`.`grade_gid` = `grade`.`gid`))) left join `user` on((`class`.`teacher_tuid` = `user`.`uid`))) left join `al_stream_has_class` on((`class`.`clz_id` = `al_stream_has_class`.`class_clz_id`))) left join `al_stream` on((`al_stream_has_class`.`al_stream_s_id` = `al_stream`.`s_id`)));

-- Removing temporary table and create final VIEW structure
DROP TABLE IF EXISTS `allsubject`;
CREATE ALGORITHM=UNDEFINED SQL SECURITY DEFINER VIEW `allsubject` AS select `subject`.`sub_id` AS `sub_id`,`subject`.`sub_name` AS `sub_name`,`sub_grade_type`.`sg_id` AS `sub_grade_type`,`sub_grade_type`.`sg_name` AS `sg_name`,`subject_category`.`c_id` AS `c_id`,`subject_category`.`c_name` AS `c_name`,`al_stream`.`s_id` AS `s_id`,`al_stream`.`stream_name` AS `stream_name` from (((((`subject_has_grade_type` left join `subject` on((`subject`.`sub_id` = `subject_has_grade_type`.`subject_sub_id`))) join `sub_grade_type` on((`subject_has_grade_type`.`sub_grade_type_sg_id` = `sub_grade_type`.`sg_id`))) join `subject_category` on((`subject_has_grade_type`.`subject_category_c_id` = `subject_category`.`c_id`))) left join `al_stream_has_subject` on((`subject`.`sub_id` = `al_stream_has_subject`.`subject_sid`))) left join `al_stream` on((`al_stream_has_subject`.`al_stream_id` = `al_stream`.`s_id`)));

-- Removing temporary table and create final VIEW structure
DROP TABLE IF EXISTS `assingment_view`;
CREATE ALGORITHM=UNDEFINED SQL SECURITY DEFINER VIEW `assingment_view` AS select `assignment`.`aid` AS `aid`,`assignment`.`title` AS `title`,`assignment`.`assignment_id` AS `assignment_id`,`assignment`.`start_date` AS `start_date`,`assignment`.`end_date` AS `end_date`,`assignment`.`file_path` AS `file_path`,`grade`.`gid` AS `gid`,`grade`.`gname` AS `gname`,`subject`.`sub_id` AS `sub_id`,`subject`.`sub_name` AS `sub_name`,`user`.`uid` AS `uid`,`user`.`username` AS `username`,`user`.`fname` AS `fname`,`user`.`lname` AS `lname`,`user`.`fulname` AS `fulname`,`user`.`gender_gid` AS `gender_gid` from (((`assignment` join `grade` on((`assignment`.`grade_gid` = `grade`.`gid`))) join `subject` on((`assignment`.`sub_id` = `subject`.`sub_id`))) left join `user` on((`assignment`.`teacher_tuid` = `user`.`uid`)));

-- Removing temporary table and create final VIEW structure
DROP TABLE IF EXISTS `note_view`;
CREATE ALGORITHM=UNDEFINED SQL SECURITY DEFINER VIEW `note_view` AS select `note`.`nid` AS `nid`,`note`.`title` AS `title`,`note`.`note_id` AS `note_id`,`note`.`file_path` AS `file_path`,`grade`.`gid` AS `gid`,`grade`.`gname` AS `gname`,`subject`.`sub_id` AS `sub_id`,`subject`.`sub_name` AS `sub_name`,`medium`.`mid` AS `mid`,`medium`.`mname` AS `mname`,`user`.`uid` AS `uid`,`user`.`username` AS `username`,`user`.`fname` AS `fname`,`user`.`lname` AS `lname`,`user`.`fulname` AS `fulname`,`user`.`gender_gid` AS `gender_gid` from ((((`note` join `grade` on((`note`.`grade_gid` = `grade`.`gid`))) join `subject` on((`note`.`sub_id` = `subject`.`sub_id`))) join `medium` on((`note`.`medium_mid` = `medium`.`mid`))) left join `user` on((`note`.`teacher_tuid` = `user`.`uid`)));

-- Removing temporary table and create final VIEW structure
DROP TABLE IF EXISTS `officers`;
CREATE ALGORITHM=UNDEFINED SQL SECURITY DEFINER VIEW `officers` AS select `user`.`uid` AS `uid`,`user`.`username` AS `username`,`user`.`fname` AS `fname`,`user`.`lname` AS `lname`,`user`.`fulname` AS `fulname`,`user`.`contact` AS `contact`,`user`.`email` AS `email`,`user`.`dob` AS `dob`,`user`.`reg_date` AS `reg_date`,`religious`.`religion` AS `religion`,`gender`.`gen` AS `gen`,`address`.`address_line` AS `address_line`,`city`.`cname_en` AS `city`,`city`.`postcode` AS `postcode`,`district`.`dname_en` AS `district`,`province`.`pname_en` AS `province`,`status`.`state` AS `state`,`nic`.`nic_no` AS `nic_no`,`profile_image`.`path` AS `path` from (((((((((`user` join `nic` on((`user`.`uid` = `nic`.`user_uid`))) join `gender` on((`user`.`gender_gid` = `gender`.`gid`))) join `religious` on((`user`.`religion_rid` = `religious`.`rid`))) join `status` on((`user`.`status_sid` = `status`.`sid`))) left join `address` on((`user`.`uid` = `address`.`user_uid`))) join `profile_image` on((`user`.`uid` = `profile_image`.`user_uid`))) left join `city` on((`address`.`city_cid` = `city`.`cid`))) left join `district` on((`city`.`district_did` = `district`.`did`))) left join `province` on((`district`.`province_pid` = `province`.`pid`))) where (`user`.`user_type` = '4');

-- Removing temporary table and create final VIEW structure
DROP TABLE IF EXISTS `students`;
CREATE ALGORITHM=UNDEFINED SQL SECURITY DEFINER VIEW `students` AS select `user`.`uid` AS `uid`,`user`.`username` AS `username`,`user`.`fname` AS `fname`,`user`.`lname` AS `lname`,`user`.`fulname` AS `fulname`,`user`.`contact` AS `contact`,`user`.`email` AS `email`,`user`.`dob` AS `dob`,`user`.`reg_date` AS `reg_date`,`religious`.`religion` AS `religion`,`gender`.`gen` AS `gen`,`address`.`address_line` AS `address_line`,`city`.`cname_en` AS `city`,`city`.`postcode` AS `postcode`,`district`.`dname_en` AS `district`,`province`.`pname_en` AS `province`,`status`.`state` AS `state`,`profile_image`.`path` AS `path`,`guardian_info`.`name` AS `guardian_name`,`guardian_info`.`contact_no` AS `guardian_contact`,`class`.`clz_name` AS `clz_name`,`class`.`clz_id` AS `clz_id`,`grade`.`gid` AS `gid`,`grade`.`gname` AS `grade` from ((((((((((((`user` join `gender` on((`user`.`gender_gid` = `gender`.`gid`))) join `religious` on((`user`.`religion_rid` = `religious`.`rid`))) join `status` on((`user`.`status_sid` = `status`.`sid`))) left join `guardian_info` on((`user`.`uid` = `guardian_info`.`user_uid`))) left join `student_has_class` on((`user`.`uid` = `student_has_class`.`user_uid`))) left join `class` on((`student_has_class`.`class_id` = `class`.`clz_id`))) left join `grade` on((`class`.`grade_gid` = `grade`.`gid`))) left join `address` on((`user`.`uid` = `address`.`user_uid`))) join `profile_image` on((`user`.`uid` = `profile_image`.`user_uid`))) left join `city` on((`address`.`city_cid` = `city`.`cid`))) left join `district` on((`city`.`district_did` = `district`.`did`))) left join `province` on((`district`.`province_pid` = `province`.`pid`))) where (`user`.`user_type` = '2');

-- Removing temporary table and create final VIEW structure
DROP TABLE IF EXISTS `stu_assignment_awnser`;
CREATE ALGORITHM=UNDEFINED SQL SECURITY DEFINER VIEW `stu_assignment_awnser` AS select `assignment`.`aid` AS `aid`,`assignment`.`title` AS `title`,`assignment`.`file_path` AS `file_path`,`assignment`.`assignment_id` AS `assignment_id`,`assignment`.`teacher_tuid` AS `teacher_tuid`,`grade`.`gid` AS `gid`,`grade`.`gname` AS `gname`,`subject`.`sub_id` AS `sub_id`,`subject`.`sub_name` AS `sub_name`,`user`.`uid` AS `uid`,`user`.`username` AS `stu_uname`,`user`.`fname` AS `stu_fname`,`user`.`lname` AS `stu_lname`,`user`.`fulname` AS `stu_fulname`,`user`.`contact` AS `stu_contact`,`user`.`email` AS `stu_email`,`student_assignment_awnser`.`answr_id` AS `answr_id`,`student_assignment_awnser`.`awnser_sheet_path` AS `awnser_sheet_path`,`student_assignment_awnser`.`submit_date` AS `submit_date`,`student_assignment_awnser`.`marks` AS `marks`,`student_assignment_awnser`.`result_sheet_path` AS `result_sheet_path`,`student_assignment_awnser`.`status` AS `status` from ((((`student_assignment_awnser` join `assignment` on((`student_assignment_awnser`.`assignment_aid` = `assignment`.`aid`))) join `user` on((`student_assignment_awnser`.`user_uid` = `user`.`uid`))) join `subject` on((`assignment`.`sub_id` = `subject`.`sub_id`))) join `grade` on((`assignment`.`grade_gid` = `grade`.`gid`)));

-- Removing temporary table and create final VIEW structure
DROP TABLE IF EXISTS `teachers`;
CREATE ALGORITHM=UNDEFINED SQL SECURITY DEFINER VIEW `teachers` AS select `user`.`uid` AS `uid`,`user`.`username` AS `username`,`user`.`fname` AS `fname`,`user`.`lname` AS `lname`,`user`.`fulname` AS `fulname`,`user`.`contact` AS `contact`,`user`.`email` AS `email`,`user`.`dob` AS `dob`,`user`.`reg_date` AS `reg_date`,`religious`.`religion` AS `religion`,`gender`.`gen` AS `gen`,`address`.`address_line` AS `address_line`,`city`.`cname_en` AS `city`,`city`.`postcode` AS `postcode`,`district`.`dname_en` AS `district`,`province`.`pname_en` AS `province`,`status`.`state` AS `state`,`nic`.`nic_no` AS `nic_no`,`profile_image`.`path` AS `path` from (((((((((`user` join `nic` on((`user`.`uid` = `nic`.`user_uid`))) join `gender` on((`user`.`gender_gid` = `gender`.`gid`))) join `religious` on((`user`.`religion_rid` = `religious`.`rid`))) join `status` on((`user`.`status_sid` = `status`.`sid`))) left join `address` on((`user`.`uid` = `address`.`user_uid`))) join `profile_image` on((`user`.`uid` = `profile_image`.`user_uid`))) left join `city` on((`address`.`city_cid` = `city`.`cid`))) left join `district` on((`city`.`district_did` = `district`.`did`))) left join `province` on((`district`.`province_pid` = `province`.`pid`))) where (`user`.`user_type` = '3');

/*!40103 SET TIME_ZONE=IFNULL(@OLD_TIME_ZONE, 'system') */;
/*!40101 SET SQL_MODE=IFNULL(@OLD_SQL_MODE, '') */;
/*!40014 SET FOREIGN_KEY_CHECKS=IFNULL(@OLD_FOREIGN_KEY_CHECKS, 1) */;
/*!40101 SET CHARACTER_SET_CLIENT=@OLD_CHARACTER_SET_CLIENT */;
/*!40111 SET SQL_NOTES=IFNULL(@OLD_SQL_NOTES, 1) */;
